Domain,Base Domain,Participates in Analytics
18f.gov,18f.gov,False
2020census.gov,2020census.gov,False
9-11commission.gov,9-11commission.gov,False
911.gov,911.gov,False
911commission.gov,911commission.gov,False
aapi.gov,aapi.gov,False
abandonedmines.gov,abandonedmines.gov,False
abilityone.gov,abilityone.gov,False
abmc.gov,abmc.gov,True
abmcscholar.gov,abmcscholar.gov,False
access-board.gov,access-board.gov,True
acf.gov,acf.gov,False
achp.gov,achp.gov,False
acl.gov,acl.gov,False
acquisition.gov,acquisition.gov,True
acus.gov,acus.gov,False
acwi.gov,acwi.gov,True
ada.gov,ada.gov,True
adf.gov,adf.gov,False
adlnet.gov,adlnet.gov,True
admongo.gov,admongo.gov,False
adr.gov,adr.gov,True
afadvantage.gov,afadvantage.gov,True
aff.gov,aff.gov,True
afrh.gov,afrh.gov,False
africanamericanhistorymonth.gov,africanamericanhistorymonth.gov,False
aftac.gov,aftac.gov,False
afterschool.gov,afterschool.gov,False
ag.gov,ag.gov,False
aging.gov,aging.gov,False
agingstats.gov,agingstats.gov,False
ahcpr.gov,ahcpr.gov,False
ahrq.gov,ahrq.gov,True
aids.gov,aids.gov,False
airnow.gov,airnow.gov,True
alaskacenters.gov,alaskacenters.gov,True
alertaenlinea.gov,alertaenlinea.gov,False
altusandc.gov,altusandc.gov,False
alzheimers.gov,alzheimers.gov,True
ama.gov,ama.gov,False
amberalert.gov,amberalert.gov,True
america.gov,america.gov,False
americanmemory.gov,americanmemory.gov,False
americaslibrary.gov,americaslibrary.gov,False
americasstory.gov,americasstory.gov,False
americathebeautifulquarters.gov,americathebeautifulquarters.gov,True
americorp.gov,americorp.gov,False
americorps.gov,americorps.gov,False
ameslab.gov,ameslab.gov,False
amtrakoig.gov,amtrakoig.gov,False
anchorit.gov,anchorit.gov,False
anl.gov,anl.gov,False
annualcreditreport.gov,annualcreditreport.gov,False
anstaskforce.gov,anstaskforce.gov,False
aoa.gov,aoa.gov,False
aoc.gov,aoc.gov,False
ap.gov,ap.gov,False
app.gov,app.gov,False
applicationmanager.gov,applicationmanager.gov,True
apps.gov,apps.gov,True
arc.gov,arc.gov,False
archives.gov,archives.gov,True
arctic.gov,arctic.gov,True
arm.gov,arm.gov,False
ars-grin.gov,ars-grin.gov,True
arsusda.gov,arsusda.gov,False
arts.gov,arts.gov,True
asap.gov,asap.gov,False
asc.gov,asc.gov,False
asianpacificheritage.gov,asianpacificheritage.gov,False
askkaren.gov,askkaren.gov,False
atcreform.gov,atcreform.gov,False
atf.gov,atf.gov,True
atfonline.gov,atfonline.gov,False
atvsafety.gov,atvsafety.gov,False
aviationweather.gov,aviationweather.gov,True
ayudaconmibanco.gov,ayudaconmibanco.gov,True
bam.gov,bam.gov,False
bankanswers.gov,bankanswers.gov,True
bankcustomer.gov,bankcustomer.gov,True
bankcustomerassistance.gov,bankcustomerassistance.gov,True
bankhelp.gov,bankhelp.gov,True
banknet.gov,banknet.gov,True
bankruptcy.gov,bankruptcy.gov,False
bats.gov,bats.gov,False
bbg.gov,bbg.gov,True
bcfp.gov,bcfp.gov,False
bea.gov,bea.gov,True
befoodsafe.gov,befoodsafe.gov,False
benefits.gov,benefits.gov,True
bep.gov,bep.gov,True
betobaccofree.gov,betobaccofree.gov,False
bfem.gov,bfem.gov,False
bia.gov,bia.gov,True
bidentransition.gov,bidentransition.gov,False
bioeco.gov,bioeco.gov,False
bioethics.gov,bioethics.gov,False
biomassboard.gov,biomassboard.gov,True
biometriccoe.gov,biometriccoe.gov,False
biometrics.gov,biometrics.gov,False
biopreferred.gov,biopreferred.gov,True
biosecurityboard.gov,biosecurityboard.gov,False
bja.gov,bja.gov,True
bjs.gov,bjs.gov,True
bldrdoc.gov,bldrdoc.gov,False
blm.gov,blm.gov,False
bls.gov,bls.gov,True
bnl.gov,bnl.gov,False
boem.gov,boem.gov,True
boemre.gov,boemre.gov,False
bondpro.gov,bondpro.gov,True
bop.gov,bop.gov,True
bor.gov,bor.gov,False
bosque.gov,bosque.gov,True
bpa.gov,bpa.gov,False
brac.gov,brac.gov,True
brainhealth.gov,brainhealth.gov,False
brc.gov,brc.gov,False
broadband.gov,broadband.gov,False
broadbandmap.gov,broadbandmap.gov,False
bsee.gov,bsee.gov,True
bts.gov,bts.gov,True
budget.gov,budget.gov,False
budgetlob.gov,budgetlob.gov,False
buildingamerica.gov,buildingamerica.gov,False
business.gov,business.gov,False
businessdefense.gov,businessdefense.gov,True
businessusa.gov,businessusa.gov,False
buyaccessible.gov,buyaccessible.gov,True
buyusa.gov,buyusa.gov,True
campusdrugprevention.gov,campusdrugprevention.gov,True
cancer.gov,cancer.gov,True
cancernet.gov,cancernet.gov,False
cao.gov,cao.gov,True
cap.gov,cap.gov,False
capital.gov,capital.gov,False
capitol.gov,capitol.gov,False
capnhq.gov,capnhq.gov,False
casl.gov,casl.gov,False
cavc.gov,cavc.gov,False
cbca.gov,cbca.gov,False
cbi-epa.gov,cbi-epa.gov,False
cbo.gov,cbo.gov,False
cbonews.gov,cbonews.gov,False
cbp.gov,cbp.gov,True
ccac.gov,ccac.gov,True
cdc.gov,cdc.gov,True
cdcpartners.gov,cdcpartners.gov,False
cdfifund.gov,cdfifund.gov,False
ce-ncsc.gov,ce-ncsc.gov,False
cebaf.gov,cebaf.gov,False
cecc.gov,cecc.gov,False
cendi.gov,cendi.gov,False
census.gov,census.gov,True
cep.gov,cep.gov,True
cerebrosano.gov,cerebrosano.gov,False
cfa.gov,cfa.gov,True
cfda.gov,cfda.gov,True
cfo.gov,cfo.gov,True
cfoc.gov,cfoc.gov,False
cfpa.gov,cfpa.gov,False
cfpb.gov,cfpb.gov,False
cftc.gov,cftc.gov,True
challenge.gov,challenge.gov,True
challenges.gov,challenges.gov,False
changeofaddress.gov,changeofaddress.gov,False
chcoc.gov,chcoc.gov,True
chemsafety.gov,chemsafety.gov,False
childreninadversity.gov,childreninadversity.gov,True
childstats.gov,childstats.gov,True
childwelfare.gov,childwelfare.gov,True
china-commission.gov,china-commission.gov,False
chinacommission.gov,chinacommission.gov,False
choosemyplate.gov,choosemyplate.gov,True
cia.gov,cia.gov,False
cigie.gov,cigie.gov,False
cio.gov,cio.gov,True
ciso.gov,ciso.gov,False
citizencorps.gov,citizencorps.gov,False
citizencosponsors.gov,citizencosponsors.gov,False
citizens.gov,citizens.gov,False
citizenscience.gov,citizenscience.gov,True
civilrightsusa.gov,civilrightsusa.gov,False
cjis.gov,cjis.gov,False
climate.gov,climate.gov,True
clinicaltrial.gov,clinicaltrial.gov,False
clinicaltrials.gov,clinicaltrials.gov,False
clintonlibrary.gov,clintonlibrary.gov,True
cloud.gov,cloud.gov,True
cms.gov,cms.gov,True
cmts.gov,cmts.gov,True
cncs.gov,cncs.gov,False
cncsoig.gov,cncsoig.gov,False
cns.gov,cns.gov,False
cnss.gov,cnss.gov,True
coastalamerica.gov,coastalamerica.gov,False
code.gov,code.gov,True
collegedrinkingprevention.gov,collegedrinkingprevention.gov,False
collegenavigator.gov,collegenavigator.gov,False
commerce.gov,commerce.gov,True
complaintreferralexpress.gov,complaintreferralexpress.gov,False
compliance.gov,compliance.gov,False
comptrollerofthecurrency.gov,comptrollerofthecurrency.gov,True
computersforlearning.gov,computersforlearning.gov,True
congress.gov,congress.gov,False
congressionaldirectory.gov,congressionaldirectory.gov,False
congressionalrecord.gov,congressionalrecord.gov,False
connect.gov,connect.gov,True
consumer.gov,consumer.gov,True
consumeraction.gov,consumeraction.gov,False
consumerbureau.gov,consumerbureau.gov,False
consumerfinance.gov,consumerfinance.gov,True
consumerfinancial.gov,consumerfinancial.gov,False
consumerfinancialbureau.gov,consumerfinancialbureau.gov,False
consumerfinancialprotectionbureau.gov,consumerfinancialprotectionbureau.gov,False
consumerprotection.gov,consumerprotection.gov,False
consumerprotectionbureau.gov,consumerprotectionbureau.gov,False
consumersentinel.gov,consumersentinel.gov,False
consumersentinelnetwork.gov,consumersentinelnetwork.gov,False
consumidor.gov,consumidor.gov,True
continentalshelf.gov,continentalshelf.gov,True
contractdirectory.gov,contractdirectory.gov,True
copyright.gov,copyright.gov,False
coralreef.gov,coralreef.gov,True
cosponsor.gov,cosponsor.gov,False
cpars.gov,cpars.gov,True
cpnireporting.gov,cpnireporting.gov,False
cpsc.gov,cpsc.gov,True
crb.gov,crb.gov,False
crimesolutions.gov,crimesolutions.gov,True
crimevictims.gov,crimevictims.gov,True
crs.gov,crs.gov,False
crt2014-2024review.gov,crt2014-2024review.gov,False
csb.gov,csb.gov,False
csce.gov,csce.gov,False
csosa.fed.us,csosa.fed.us,False
csosa.gov,csosa.gov,False
ctoc.gov,ctoc.gov,False
cttso.gov,cttso.gov,True
cuidadodesalud.gov,cuidadodesalud.gov,False
cupcao.gov,cupcao.gov,True
cwc.gov,cwc.gov,False
cyber.gov,cyber.gov,False
cybercareers.gov,cybercareers.gov,False
cybercrime.gov,cybercrime.gov,False
cybersecurity.gov,cybersecurity.gov,False
data.gov,data.gov,True
dc3on.gov,dc3on.gov,False
dea.gov,dea.gov,True
deadiversion.gov,deadiversion.gov,False
deaecom.gov,deaecom.gov,False
deals.gov,deals.gov,False
defense.gov,defense.gov,True
defensebusiness.gov,defensebusiness.gov,False
defensemanufacturing.gov,defensemanufacturing.gov,False
democraticleader.gov,democraticleader.gov,False
democraticwhip.gov,democraticwhip.gov,False
democrats.gov,democrats.gov,False
dems.gov,dems.gov,False
denali.gov,denali.gov,False
devtestfan1.gov,devtestfan1.gov,False
df.gov,df.gov,False
dfafacts.gov,dfafacts.gov,False
dhhs.gov,dhhs.gov,False
dhs.gov,dhs.gov,True
diabetescommittee.gov,diabetescommittee.gov,False
dietaryguidelines.gov,dietaryguidelines.gov,True
digital.gov,digital.gov,False
digitaldashboard.gov,digitaldashboard.gov,True
digitalgov.gov,digitalgov.gov,True
digitalliteracy.gov,digitalliteracy.gov,False
digitalpreservation.gov,digitalpreservation.gov,False
digitizationguidelines.gov,digitizationguidelines.gov,False
directoasucuenta.gov,directoasucuenta.gov,False
disability.gov,disability.gov,False
disasterassistance.gov,disasterassistance.gov,True
disasterhousing.gov,disasterhousing.gov,False
distracteddriving.gov,distracteddriving.gov,False
distraction.gov,distraction.gov,False
dnfsb.gov,dnfsb.gov,True
dni.gov,dni.gov,True
dnsops.gov,dnsops.gov,False
doc.gov,doc.gov,False
docline.gov,docline.gov,True
dod.gov,dod.gov,False
dodbusiness.gov,dodbusiness.gov,False
doe.gov,doe.gov,False
doeal.gov,doeal.gov,False
doi.gov,doi.gov,True
doioig.gov,doioig.gov,False
doj.gov,doj.gov,False
dol-esa.gov,dol-esa.gov,False
dol.gov,dol.gov,True
doleta.gov,doleta.gov,True
donaciondeorganos.gov,donaciondeorganos.gov,True
donotcall.gov,donotcall.gov,True
dontserveteens.gov,dontserveteens.gov,False
dot.gov,dot.gov,True
dotgov.gov,dotgov.gov,True
dotideahub.gov,dotideahub.gov,False
dottrafficrecords.gov,dottrafficrecords.gov,False
dra.gov,dra.gov,False
drought.gov,drought.gov,True
drugabuse.gov,drugabuse.gov,True
drugfreeworkplace.gov,drugfreeworkplace.gov,False
drywallresponse.gov,drywallresponse.gov,False
dsac.gov,dsac.gov,False
dtv.gov,dtv.gov,False
e-enterprise.gov,e-enterprise.gov,True
e-qip.gov,e-qip.gov,False
e-verify.gov,e-verify.gov,False
eac.gov,eac.gov,True
eaclearinghouse.gov,eaclearinghouse.gov,False
eaglecash.gov,eaglecash.gov,False
earmarks.gov,earmarks.gov,False
earthquake.gov,earthquake.gov,False
earthsystemprediction.gov,earthsystemprediction.gov,False
ecfr.gov,ecfr.gov,False
economicinclusion.gov,economicinclusion.gov,False
econsumer.gov,econsumer.gov,True
ecpic.gov,ecpic.gov,True
ecr.gov,ecr.gov,False
ed.gov,ed.gov,True
eda.gov,eda.gov,True
edison.gov,edison.gov,False
edpubs.gov,edpubs.gov,False
education.gov,education.gov,True
eeoc.gov,eeoc.gov,True
eftps.gov,eftps.gov,False
eguardian.gov,eguardian.gov,False
eia.gov,eia.gov,False
eisenhowermemorial.gov,eisenhowermemorial.gov,True
eldercare.gov,eldercare.gov,False
elderjustice.gov,elderjustice.gov,False
emergency-federal-register.gov,emergency-federal-register.gov,False
employeeexpress.gov,employeeexpress.gov,False
employer.gov,employer.gov,False
empowhr.gov,empowhr.gov,True
ems.gov,ems.gov,False
endingthedocumentgame.gov,endingthedocumentgame.gov,False
energy.gov,energy.gov,True
energycodes.gov,energycodes.gov,False
energysaver.gov,energysaver.gov,False
energysavers.gov,energysavers.gov,False
energystar.gov,energystar.gov,True
eop.gov,eop.gov,False
epa.gov,epa.gov,True
epic.gov,epic.gov,False
erdc.gov,erdc.gov,False
errp.gov,errp.gov,False
esa.gov,esa.gov,True
esc.gov,esc.gov,False
eseclab.gov,eseclab.gov,False
esrs.gov,esrs.gov,True
eta-find.gov,eta-find.gov,False
ethics.gov,ethics.gov,False
ethicsburg.gov,ethicsburg.gov,False
evergladesrestoration.gov,evergladesrestoration.gov,False
everify.gov,everify.gov,False
everykidinapark.gov,everykidinapark.gov,True
evus.gov,evus.gov,False
execsec.gov,execsec.gov,False
exim.gov,exim.gov,False
exploretsp.gov,exploretsp.gov,False
export.gov,export.gov,True
eyenote.gov,eyenote.gov,False
faa.gov,faa.gov,True
faasafety.gov,faasafety.gov,False
faca.gov,faca.gov,False
facadatabase.gov,facadatabase.gov,True
fafsa.gov,fafsa.gov,False
fai.gov,fai.gov,True
famep.gov,famep.gov,False
fan.gov,fan.gov,False
fapiis.gov,fapiis.gov,True
faq.gov,faq.gov,False
fara.gov,fara.gov,True
fasab.gov,fasab.gov,False
fatherhood.gov,fatherhood.gov,False
fbi.gov,fbi.gov,False
fbiic.gov,fbiic.gov,False
fbijobs.gov,fbijobs.gov,False
fbo.gov,fbo.gov,True
fca.gov,fca.gov,False
fcc.gov,fcc.gov,False
fccuniversity.gov,fccuniversity.gov,False
fcg.gov,fcg.gov,False
fcic.gov,fcic.gov,False
fcsic.gov,fcsic.gov,False
fda.gov,fda.gov,True
fdic.gov,fdic.gov,True
fdicconnect.gov,fdicconnect.gov,False
fdicig.gov,fdicig.gov,True
fdicoig.gov,fdicoig.gov,True
fdicseguro.gov,fdicseguro.gov,False
fdlp.gov,fdlp.gov,False
fdms.gov,fdms.gov,False
fdsys.gov,fdsys.gov,False
fea.gov,fea.gov,True
feb.gov,feb.gov,True
fec.gov,fec.gov,True
fed.us,fed.us,False
fedbizopps.gov,fedbizopps.gov,False
fedcenter.gov,fedcenter.gov,True
federalcourts.gov,federalcourts.gov,False
federalinvestments.gov,federalinvestments.gov,True
federaljobs.gov,federaljobs.gov,False
federalprobation.gov,federalprobation.gov,False
federalregister.gov,federalregister.gov,False
federalreserve.gov,federalreserve.gov,False
federalreserve100.gov,federalreserve100.gov,False
federalreserve2013.gov,federalreserve2013.gov,False
federalreserveconsumerhelp.gov,federalreserveconsumerhelp.gov,False
federalrules.gov,federalrules.gov,False
federalspending.gov,federalspending.gov,False
fedidcard.gov,fedidcard.gov,True
fedinfo.gov,fedinfo.gov,False
fedinvest.gov,fedinvest.gov,True
fedjobs.gov,fedjobs.gov,False
fedpartnership.gov,fedpartnership.gov,False
fedramp.gov,fedramp.gov,True
fedreg.gov,fedreg.gov,False
fedrooms.gov,fedrooms.gov,False
fedshirevets.gov,fedshirevets.gov,True
fedspending.gov,fedspending.gov,False
feedthefuture.gov,feedthefuture.gov,True
fegli.gov,fegli.gov,False
fema.gov,fema.gov,True
ferc.gov,ferc.gov,True
fercalt.gov,fercalt.gov,False
ffiec.gov,ffiec.gov,False
fgdc.gov,fgdc.gov,False
fha.gov,fha.gov,False
fhfa.gov,fhfa.gov,True
fhfaoig.gov,fhfaoig.gov,True
fhfb.gov,fhfb.gov,False
financialresearch.gov,financialresearch.gov,True
financialstability.gov,financialstability.gov,False
fincen.gov,fincen.gov,False
firecode.gov,firecode.gov,False
fireinstitute.gov,fireinstitute.gov,False
fireleadership.gov,fireleadership.gov,False
firenet.gov,firenet.gov,False
firescience.gov,firescience.gov,False
firstfreedom.gov,firstfreedom.gov,False
firstgov.gov,firstgov.gov,False
firstnet.gov,firstnet.gov,False
firstresponder.gov,firstresponder.gov,False
firstrespondertraining.gov,firstrespondertraining.gov,True
fishwatch.gov,fishwatch.gov,True
fitness.gov,fitness.gov,False
fjc.gov,fjc.gov,False
fleta.gov,fleta.gov,True
fletc.gov,fletc.gov,True
flightschoolcandidates.gov,flightschoolcandidates.gov,False
floodsmart.gov,floodsmart.gov,False
flra.gov,flra.gov,True
flu.gov,flu.gov,False
fmc.gov,fmc.gov,True
fmcs.gov,fmcs.gov,False
fmi.gov,fmi.gov,True
fmshrc.gov,fmshrc.gov,False
fnal.gov,fnal.gov,False
foia.gov,foia.gov,True
foodsafety.gov,foodsafety.gov,True
foodsafetyjobs.gov,foodsafetyjobs.gov,False
fordlibrarymuseum.gov,fordlibrarymuseum.gov,True
foreignassistance.gov,foreignassistance.gov,True
forestsandrangelands.gov,forestsandrangelands.gov,True
forfeiture.gov,forfeiture.gov,True
forms.gov,forms.gov,False
fpc.gov,fpc.gov,True
fpds.gov,fpds.gov,True
fpi.gov,fpi.gov,False
fpisc.gov,fpisc.gov,False
fpki-lab.gov,fpki-lab.gov,False
fpki.gov,fpki.gov,False
frb.fed.us,frb.fed.us,False
frb.gov,frb.gov,False
frc.gov,frc.gov,False
freshempire.gov,freshempire.gov,False
frpg.gov,frpg.gov,True
frpp-pa.gov,frpp-pa.gov,False
frs.gov,frs.gov,False
frtib.gov,frtib.gov,False
frtibtest.gov,frtibtest.gov,False
frtr.gov,frtr.gov,True
fruitsandveggiesmatter.gov,fruitsandveggiesmatter.gov,False
fs.fed.us,fs.fed.us,False
fsafeds.gov,fsafeds.gov,False
fsapubs.gov,fsapubs.gov,False
fsd.gov,fsd.gov,True
fsgb.gov,fsgb.gov,False
fsoc.gov,fsoc.gov,False
fsrs.gov,fsrs.gov,True
ftc.gov,ftc.gov,True
ftccomplaintassistant.gov,ftccomplaintassistant.gov,True
ftcefile.gov,ftcefile.gov,False
fttesttwai.gov,fttesttwai.gov,False
fueleconomy.gov,fueleconomy.gov,False
fvap.gov,fvap.gov,True
fws.gov,fws.gov,True
g5.gov,g5.gov,True
gao.gov,gao.gov,False
gaonet.gov,gaonet.gov,False
gcdamp.gov,gcdamp.gov,False
gcmrc.gov,gcmrc.gov,True
genbank.gov,genbank.gov,False
genome.gov,genome.gov,False
geocommunicator.gov,geocommunicator.gov,False
geomac.gov,geomac.gov,True
geoplatform.gov,geoplatform.gov,False
georgewbushlibrary.gov,georgewbushlibrary.gov,False
getsmartaboutdrugs.gov,getsmartaboutdrugs.gov,True
getyouhome.gov,getyouhome.gov,False
ghi.gov,ghi.gov,True
ginniemae.gov,ginniemae.gov,True
girlshealth.gov,girlshealth.gov,True
glnpo.gov,glnpo.gov,False
globalchange.gov,globalchange.gov,True
globalentry.gov,globalentry.gov,False
globalhealth.gov,globalhealth.gov,False
globe.gov,globe.gov,False
gobierno.gov,gobierno.gov,False
gobiernousa.gov,gobiernousa.gov,False
godirect.gov,godirect.gov,False
goes-r.gov,goes-r.gov,True
golearn.gov,golearn.gov,False
gop.gov,gop.gov,False
gopleader.gov,gopleader.gov,False
govbenefits.gov,govbenefits.gov,True
governmentjobs.gov,governmentjobs.gov,False
govinfo.gov,govinfo.gov,False
govloans.gov,govloans.gov,True
govsales.gov,govsales.gov,True
gpo.gov,gpo.gov,False
gps.gov,gps.gov,True
grants.gov,grants.gov,False
grantsolutions.gov,grantsolutions.gov,False
greatagain.gov,greatagain.gov,False
green.gov,green.gov,False
greengov.gov,greengov.gov,False
gsa.gov,gsa.gov,True
gsaadvantage.gov,gsaadvantage.gov,True
gsaauctions.gov,gsaauctions.gov,True
gsaig.gov,gsaig.gov,False
gsatest1.gov,gsatest1.gov,False
gsatest2.gov,gsatest2.gov,False
gsatest3.gov,gsatest3.gov,False
gsatest4.gov,gsatest4.gov,False
gsatest5.gov,gsatest5.gov,False
gsatestnsn.gov,gsatestnsn.gov,False
gsaxcess.gov,gsaxcess.gov,True
guideline.gov,guideline.gov,True
guidelines.gov,guidelines.gov,True
gwa.gov,gwa.gov,False
hanford.gov,hanford.gov,False
harp.gov,harp.gov,True
hc.gov,hc.gov,False
hcqualitycommission.gov,hcqualitycommission.gov,False
health.gov,health.gov,True
healthcare.gov,healthcare.gov,False
healthdata.gov,healthdata.gov,False
healthfinder.gov,healthfinder.gov,True
healthindicators.gov,healthindicators.gov,False
healthit.gov,healthit.gov,True
healthreform.gov,healthreform.gov,False
healthypeople.gov,healthypeople.gov,True
hearttruth.gov,hearttruth.gov,False
helpwithmybank.gov,helpwithmybank.gov,True
helpwithmycheckingaccount.gov,helpwithmycheckingaccount.gov,True
helpwithmycreditcard.gov,helpwithmycreditcard.gov,True
helpwithmycreditcardbank.gov,helpwithmycreditcardbank.gov,True
helpwithmymortgage.gov,helpwithmymortgage.gov,True
helpwithmymortgagebank.gov,helpwithmymortgagebank.gov,True
heritageabroad.gov,heritageabroad.gov,False
hhs.gov,hhs.gov,True
hhsoig.gov,hhsoig.gov,True
hhsops.gov,hhsops.gov,False
highperformancebuildings.gov,highperformancebuildings.gov,False
hirevets.gov,hirevets.gov,True
hispanicheritagemonth.gov,hispanicheritagemonth.gov,False
history.gov,history.gov,False
hiv.gov,hiv.gov,True
homeenergyscore.gov,homeenergyscore.gov,False
homelandsecurity.gov,homelandsecurity.gov,False
homesales.gov,homesales.gov,False
house.gov,house.gov,False
housecalendar.gov,housecalendar.gov,False
housecommunications.gov,housecommunications.gov,False
housedemocrats.gov,housedemocrats.gov,False
housedems.gov,housedems.gov,False
houselive.gov,houselive.gov,False
housenewsletters.gov,housenewsletters.gov,False
howto.gov,howto.gov,False
hrsa.gov,hrsa.gov,True
hru.gov,hru.gov,True
hsr.gov,hsr.gov,False
hud.gov,hud.gov,True
hudoig.gov,hudoig.gov,True
huduser.gov,huduser.gov,False
humanities.gov,humanities.gov,False
hurricanes.gov,hurricanes.gov,False
hydrogen.gov,hydrogen.gov,True
iad.gov,iad.gov,True
iaf.gov,iaf.gov,False
iarpa-ideas.gov,iarpa-ideas.gov,False
iarpa.gov,iarpa.gov,False
iat.gov,iat.gov,False
iawg.gov,iawg.gov,True
ibb.gov,ibb.gov,False
ibwc.gov,ibwc.gov,True
ic.gov,ic.gov,False
ic3.gov,ic3.gov,True
icass.gov,icass.gov,True
icbemp.gov,icbemp.gov,False
ice.gov,ice.gov,True
ich.gov,ich.gov,False
icjointduty.gov,icjointduty.gov,False
idealab.gov,idealab.gov,False
identitysandbox.gov,identitysandbox.gov,False
identitytheft.gov,identitytheft.gov,True
idmanagement.gov,idmanagement.gov,True
idtheft.gov,idtheft.gov,False
iedison.gov,iedison.gov,False
ignet.gov,ignet.gov,False
ihs.gov,ihs.gov,True
imls.gov,imls.gov,True
indianaffairs.gov,indianaffairs.gov,True
inel.gov,inel.gov,False
info.gov,info.gov,False
inl.gov,inl.gov,False
innovation.gov,innovation.gov,True
insurekidsnow.gov,insurekidsnow.gov,True
integrity.gov,integrity.gov,True
intelink.gov,intelink.gov,False
intelligence.gov,intelligence.gov,False
intelligencecareers.gov,intelligencecareers.gov,False
interior.gov,interior.gov,False
interpol.gov,interpol.gov,False
invasivespecies.gov,invasivespecies.gov,False
invasivespeciesinfo.gov,invasivespeciesinfo.gov,True
investor.gov,investor.gov,True
ioss.gov,ioss.gov,False
ipac.gov,ipac.gov,False
ipm.gov,ipm.gov,False
ipp.gov,ipp.gov,True
iprcenter.gov,iprcenter.gov,False
irs.gov,irs.gov,True
irsauctions.gov,irsauctions.gov,False
irsnet.gov,irsnet.gov,False
irssales.gov,irssales.gov,False
irsvideos.gov,irsvideos.gov,False
ise.gov,ise.gov,False
isitdoneyet.gov,isitdoneyet.gov,False
isotope.gov,isotope.gov,False
isotopes.gov,isotopes.gov,False
istac.gov,istac.gov,False
itap.gov,itap.gov,True
itc.gov,itc.gov,False
itdashboard.gov,itdashboard.gov,True
itis.gov,itis.gov,True
itrd.gov,itrd.gov,True
its.gov,its.gov,True
jamesmadison.gov,jamesmadison.gov,False
jccbi.gov,jccbi.gov,False
jccs.gov,jccs.gov,False
jct.gov,jct.gov,False
jem.gov,jem.gov,False
jewishheritage.gov,jewishheritage.gov,False
jewishheritagemonth.gov,jewishheritagemonth.gov,False
jimmycarterlibrary.gov,jimmycarterlibrary.gov,True
jobcorps.gov,jobcorps.gov,False
judicialconference.gov,judicialconference.gov,False
juniorforestranger.gov,juniorforestranger.gov,False
jusfc.gov,jusfc.gov,False
justice.gov,justice.gov,True
justthinktwice.gov,justthinktwice.gov,True
juvenilecouncil.gov,juvenilecouncil.gov,True
jwod.gov,jwod.gov,False
kapl.gov,kapl.gov,False
kennedy-center.gov,kennedy-center.gov,False
kids.gov,kids.gov,False
klamathrestoration.gov,klamathrestoration.gov,False
labor.gov,labor.gov,False
lacoast.gov,lacoast.gov,False
landfire.gov,landfire.gov,True
landimaging.gov,landimaging.gov,False
lanl.gov,lanl.gov,False
law.gov,law.gov,False
lbl.gov,lbl.gov,False
lca.gov,lca.gov,False
lcacommons.gov,lcacommons.gov,True
lcrmscp.gov,lcrmscp.gov,True
lctl.gov,lctl.gov,False
learnatf.gov,learnatf.gov,False
learndoj.gov,learndoj.gov,False
leo.gov,leo.gov,False
lep.gov,lep.gov,True
letgirlslearn.gov,letgirlslearn.gov,True
libraryofcongress.gov,libraryofcongress.gov,False
lifeline.gov,lifeline.gov,False
lis.gov,lis.gov,False
listenstoyou.gov,listenstoyou.gov,False
listo.gov,listo.gov,True
literacy.gov,literacy.gov,False
llnl.gov,llnl.gov,False
lmrcouncil.gov,lmrcouncil.gov,False
lmvsci.gov,lmvsci.gov,True
loc.gov,loc.gov,False
locatorplus.gov,locatorplus.gov,False
loctps.gov,loctps.gov,False
login.gov,login.gov,True
longtermcare.gov,longtermcare.gov,False
lps.gov,lps.gov,False
lsc.gov,lsc.gov,False
macpac.gov,macpac.gov,False
mail.gov,mail.gov,False
majorityleader.gov,majorityleader.gov,False
majoritywhip.gov,majoritywhip.gov,False
makinghomeaffordable.gov,makinghomeaffordable.gov,False
malwareinvestigator.gov,malwareinvestigator.gov,False
manufacturing.gov,manufacturing.gov,True
marine.gov,marine.gov,False
marinecadastre.gov,marinecadastre.gov,True
max.gov,max.gov,False
mbda.gov,mbda.gov,True
mcc.gov,mcc.gov,True
mcctest.gov,mcctest.gov,False
mda.gov,mda.gov,False
medalofvalor.gov,medalofvalor.gov,False
medicaid.gov,medicaid.gov,True
medicalcountermeasures.gov,medicalcountermeasures.gov,True
medicalreservecorps.gov,medicalreservecorps.gov,False
medicare.gov,medicare.gov,True
medline.gov,medline.gov,False
medlineplus.gov,medlineplus.gov,True
medpac.gov,medpac.gov,False
mentalhealth.gov,mentalhealth.gov,True
mentor.gov,mentor.gov,False
mesh.gov,mesh.gov,False
mgi.gov,mgi.gov,True
mha.gov,mha.gov,False
mibp.gov,mibp.gov,False
militaryconsumer.gov,militaryconsumer.gov,True
mimedicare.gov,mimedicare.gov,False
mitigationcommission.gov,mitigationcommission.gov,True
mlkday.gov,mlkday.gov,False
mmc.gov,mmc.gov,False
mms.gov,mms.gov,False
mojavedata.gov,mojavedata.gov,True
moneyfactory.gov,moneyfactory.gov,True
moneyfactorystore.gov,moneyfactorystore.gov,True
mrlc.gov,mrlc.gov,False
msb.gov,msb.gov,False
msha.gov,msha.gov,True
mspb.gov,mspb.gov,False
mtbs.gov,mtbs.gov,False
mtmc.gov,mtmc.gov,False
mycreditunion.gov,mycreditunion.gov,True
myfdic.gov,myfdic.gov,False
myira.gov,myira.gov,True
mymedicare.gov,mymedicare.gov,True
mymoney.gov,mymoney.gov,True
mynextmove.gov,mynextmove.gov,False
mypay.gov,mypay.gov,False
myplate.gov,myplate.gov,False
myra.gov,myra.gov,True
myusps.gov,myusps.gov,False
nafri.gov,nafri.gov,True
nagb.gov,nagb.gov,True
namus.gov,namus.gov,True
nano.gov,nano.gov,True
nara-at-work.gov,nara-at-work.gov,False
nara.gov,nara.gov,False
nasa.gov,nasa.gov,True
nationalbank.gov,nationalbank.gov,True
nationalbankhelp.gov,nationalbankhelp.gov,True
nationalbanknet.gov,nationalbanknet.gov,True
nationalchildrensstudy.gov,nationalchildrensstudy.gov,False
nationalgangcenter.gov,nationalgangcenter.gov,True
nationalhousing.gov,nationalhousing.gov,False
nationalhousinglocator.gov,nationalhousinglocator.gov,False
nationalmall.gov,nationalmall.gov,False
nationalmap.gov,nationalmap.gov,True
nationalresourcedirectory.gov,nationalresourcedirectory.gov,True
nationalservice.gov,nationalservice.gov,True
nationalserviceresources.gov,nationalserviceresources.gov,False
nationsreportcard.gov,nationsreportcard.gov,True
nativeamericanheritagemonth.gov,nativeamericanheritagemonth.gov,False
nativeonestop.gov,nativeonestop.gov,False
navycash.gov,navycash.gov,False
nbc.gov,nbc.gov,False
nbib.gov,nbib.gov,False
nbm.gov,nbm.gov,False
nbrc.gov,nbrc.gov,True
nccrc.gov,nccrc.gov,False
nccs.gov,nccs.gov,False
ncd.gov,ncd.gov,False
ncifcrf.gov,ncifcrf.gov,False
ncirc.gov,ncirc.gov,True
ncix.gov,ncix.gov,False
ncjrs.gov,ncjrs.gov,True
ncpc.gov,ncpc.gov,True
ncpw.gov,ncpw.gov,False
ncr.gov,ncr.gov,False
ncrc.gov,ncrc.gov,False
ncsc.gov,ncsc.gov,False
nctc.gov,nctc.gov,False
ncua.gov,ncua.gov,True
nea.gov,nea.gov,False
neglecteddiseases.gov,neglecteddiseases.gov,True
neh.gov,neh.gov,True
nehrp.gov,nehrp.gov,True
nel.gov,nel.gov,False
nemi.gov,nemi.gov,False
nepa.gov,nepa.gov,False
nersc.gov,nersc.gov,False
networx.gov,networx.gov,False
neup.gov,neup.gov,False
newmoney.gov,newmoney.gov,False
nfpors.gov,nfpors.gov,False
nga.gov,nga.gov,False
ngc.gov,ngc.gov,True
nhl.gov,nhl.gov,False
nhtsa.gov,nhtsa.gov,True
nic.gov,nic.gov,False
nicic.gov,nicic.gov,False
nicsezcheckfbi.gov,nicsezcheckfbi.gov,True
niem.gov,niem.gov,True
nifc.gov,nifc.gov,False
nigc.gov,nigc.gov,False
nih.gov,nih.gov,True
nihseniorhealth.gov,nihseniorhealth.gov,False
nij.gov,nij.gov,True
niosh.gov,niosh.gov,False
nist.gov,nist.gov,True
nitrd.gov,nitrd.gov,True
nixonlibrary.gov,nixonlibrary.gov,True
nlm.gov,nlm.gov,False
nlrb.gov,nlrb.gov,True
nls.gov,nls.gov,False
nmb.gov,nmb.gov,False
nmcourt.fed.us,nmcourt.fed.us,False
nmsc.gov,nmsc.gov,False
nmvtis.gov,nmvtis.gov,False
nnlm.gov,nnlm.gov,False
nnss.gov,nnss.gov,False
noaa.gov,noaa.gov,True
nolaenvironmental.gov,nolaenvironmental.gov,False
notalone.gov,notalone.gov,False
nps.gov,nps.gov,True
nrc-gateway.gov,nrc-gateway.gov,False
nrc.gov,nrc.gov,True
nrd.gov,nrd.gov,True
nrel.gov,nrel.gov,False
nrelhub.gov,nrelhub.gov,False
nro.gov,nro.gov,True
nrojr.gov,nrojr.gov,True
nsa.gov,nsa.gov,False
nsep.gov,nsep.gov,True
nsf.gov,nsf.gov,True
nsopr.gov,nsopr.gov,False
nsopw.gov,nsopw.gov,True
nstic.gov,nstic.gov,False
ntis.gov,ntis.gov,True
ntrc.gov,ntrc.gov,False
ntsb.gov,ntsb.gov,False
nuclear.gov,nuclear.gov,False
nutrition.gov,nutrition.gov,True
nutritionevidencelibrary.gov,nutritionevidencelibrary.gov,False
nvtc.gov,nvtc.gov,False
nwbc.gov,nwbc.gov,True
nwcg.gov,nwcg.gov,False
nwirp.gov,nwirp.gov,False
nwtrb.gov,nwtrb.gov,False
obamalibrary.gov,obamalibrary.gov,True
obamawhitehouse.gov,obamawhitehouse.gov,False
obpr.gov,obpr.gov,False
occ.gov,occ.gov,True
occhelps.gov,occhelps.gov,True
occnet.gov,occnet.gov,False
odci.gov,odci.gov,False
odni.gov,odni.gov,True
oea.gov,oea.gov,True
ofcm.gov,ofcm.gov,False
ofda.gov,ofda.gov,False
ofheo.gov,ofheo.gov,False
ofr.gov,ofr.gov,False
oge.gov,oge.gov,True
ogis.gov,ogis.gov,False
ojjdp.gov,ojjdp.gov,True
ojp.gov,ojp.gov,True
omb.gov,omb.gov,False
ondcp.gov,ondcp.gov,False
onguardonline.gov,onguardonline.gov,False
onhir.gov,onhir.gov,False
onrr.gov,onrr.gov,True
openinternet.gov,openinternet.gov,False
opensource.gov,opensource.gov,False
openworld.gov,openworld.gov,False
opic.gov,opic.gov,False
opm.gov,opm.gov,True
orau.gov,orau.gov,False
organdonor.gov,organdonor.gov,True
ornl.gov,ornl.gov,False
osac.gov,osac.gov,True
osc.gov,osc.gov,False
oscnet.gov,oscnet.gov,False
osde.gov,osde.gov,False
osdls.gov,osdls.gov,False
osha.gov,osha.gov,True
oshrc.gov,oshrc.gov,False
osis.gov,osis.gov,False
osm.gov,osm.gov,False
osmre.gov,osmre.gov,True
osti.gov,osti.gov,False
ostp.gov,ostp.gov,False
ots.gov,ots.gov,True
ourdocuments.gov,ourdocuments.gov,True
ovc.gov,ovc.gov,True
ovcttac.gov,ovcttac.gov,True
oversight.gov,oversight.gov,False
oversightboardpr.gov,oversightboardpr.gov,False
pac.gov,pac.gov,False
pacer.gov,pacer.gov,False
pandemicflu.gov,pandemicflu.gov,False
papahanaumokuakea.gov,papahanaumokuakea.gov,True
patriotbonds.gov,patriotbonds.gov,True
pay.gov,pay.gov,False
paymentaccuracy.gov,paymentaccuracy.gov,False
pbgc.gov,pbgc.gov,True
pcah.gov,pcah.gov,False
pci.gov,pci.gov,False
pclob.gov,pclob.gov,True
pdbcecc.gov,pdbcecc.gov,False
peacecore.gov,peacecore.gov,False
peacecorp.gov,peacecorp.gov,False
peacecorps.gov,peacecorps.gov,True
peacecorpsoig.gov,peacecorpsoig.gov,False
pentagon.gov,pentagon.gov,False
pepfar.gov,pepfar.gov,True
performance.gov,performance.gov,False
phe.gov,phe.gov,False
pic.gov,pic.gov,True
piedrasblancas.gov,piedrasblancas.gov,False
pif.gov,pif.gov,False
pitc.gov,pitc.gov,False
pix.gov,pix.gov,False
plainlanguage.gov,plainlanguage.gov,True
pmf.gov,pmf.gov,True
pmi.gov,pmi.gov,True
pnl.gov,pnl.gov,False
pnnl.gov,pnnl.gov,False
poolsafely.gov,poolsafely.gov,True
poolsafety.gov,poolsafety.gov,False
postoffice.gov,postoffice.gov,False
ppdcecc.gov,ppdcecc.gov,False
ppirs.gov,ppirs.gov,True
pppl.gov,pppl.gov,True
pppo.gov,pppo.gov,False
pracomment.gov,pracomment.gov,False
prc.gov,prc.gov,False
pregunteleakaren.gov,pregunteleakaren.gov,False
preprodfan.gov,preprodfan.gov,False
preserveamerica.gov,preserveamerica.gov,False
presidentialdocuments.gov,presidentialdocuments.gov,False
presidentialinnovationfellows.gov,presidentialinnovationfellows.gov,True
presidentialserviceawards.gov,presidentialserviceawards.gov,True
presidio.gov,presidio.gov,False
presidiotrust.gov,presidiotrust.gov,False
pretrialservices.gov,pretrialservices.gov,False
privacy.gov,privacy.gov,False
privacyshield.gov,privacyshield.gov,True
projectsafechildhood.gov,projectsafechildhood.gov,False
projectsafeneighborhoods.gov,projectsafeneighborhoods.gov,False
promesa.gov,promesa.gov,False
protecciondelconsumidor.gov,protecciondelconsumidor.gov,False
protectyourmove.gov,protectyourmove.gov,False
psa.gov,psa.gov,False
psc.gov,psc.gov,False
pscr.gov,pscr.gov,False
psob.gov,psob.gov,True
ptf.gov,ptf.gov,False
ptt.gov,ptt.gov,False
pubmed.gov,pubmed.gov,False
pubmedcentral.gov,pubmedcentral.gov,False
purchasing.gov,purchasing.gov,False
qart.gov,qart.gov,False
qatesttwai.gov,qatesttwai.gov,False
quic.gov,quic.gov,False
rcfl.gov,rcfl.gov,False
read.gov,read.gov,False
ready.gov,ready.gov,True
readybusiness.gov,readybusiness.gov,False
reaganlibrary.gov,reaganlibrary.gov,True
realestatesales.gov,realestatesales.gov,True
realpropertyprofile.gov,realpropertyprofile.gov,True
recalls.gov,recalls.gov,False
recordsmanagement.gov,recordsmanagement.gov,False
recoverymonth.gov,recoverymonth.gov,True
recreation.gov,recreation.gov,True
reginfo.gov,reginfo.gov,True
regulations.gov,regulations.gov,True
relocatefeds.gov,relocatefeds.gov,True
reo.gov,reo.gov,False
reportband.gov,reportband.gov,False
reporting.gov,reporting.gov,False
republicans.gov,republicans.gov,False
research.gov,research.gov,True
restorethegulf.gov,restorethegulf.gov,False
rivers.gov,rivers.gov,True
rl.gov,rl.gov,False
robodeidentidad.gov,robodeidentidad.gov,True
rocis.gov,rocis.gov,True
rrb.gov,rrb.gov,True
sac.gov,sac.gov,True
safecar.gov,safecar.gov,False
safecom.gov,safecom.gov,False
safecomprogram.gov,safecomprogram.gov,False
safeocs.gov,safeocs.gov,True
safercar.gov,safercar.gov,False
saferproduct.gov,saferproduct.gov,False
saferproducts.gov,saferproducts.gov,True
safertruck.gov,safertruck.gov,False
safetyact.gov,safetyact.gov,True
safetyvideos.gov,safetyvideos.gov,False
safeyouth.gov,safeyouth.gov,False
salmonrecovery.gov,salmonrecovery.gov,False
sam.gov,sam.gov,True
samhsa.gov,samhsa.gov,True
sandbox.gov,sandbox.gov,False
sandia.gov,sandia.gov,False
savingsbond.gov,savingsbond.gov,True
savingsbonds.gov,savingsbonds.gov,True
savingsbondwizard.gov,savingsbondwizard.gov,True
sba.gov,sba.gov,True
sbir.gov,sbir.gov,False
sbst.gov,sbst.gov,True
sc-us.gov,sc-us.gov,False
scidac.gov,scidac.gov,False
science.gov,science.gov,False
science360.gov,science360.gov,True
sciencebase.gov,sciencebase.gov,True
scijinks.gov,scijinks.gov,True
scinet-test.gov,scinet-test.gov,False
scinet.gov,scinet.gov,False
scra.gov,scra.gov,False
scus.gov,scus.gov,False
sdr.gov,sdr.gov,True
search.gov,search.gov,True
sec.gov,sec.gov,True
secretservice.gov,secretservice.gov,True
section108.gov,section108.gov,False
section508.gov,section508.gov,True
securitytestfan.gov,securitytestfan.gov,False
seguridadconsumidor.gov,seguridadconsumidor.gov,False
segurosocial.gov,segurosocial.gov,False
selectagents.gov,selectagents.gov,False
selectusa.gov,selectusa.gov,True
sen.gov,sen.gov,False
senate.gov,senate.gov,False
senatecalendar.gov,senatecalendar.gov,False
seniorcorps.gov,seniorcorps.gov,False
sentinel.gov,sentinel.gov,False
serve.gov,serve.gov,False
service.gov,service.gov,False
servicemembers.gov,servicemembers.gov,False
sftool.gov,sftool.gov,True
sharetheroadsafely.gov,sharetheroadsafely.gov,False
sierrawild.gov,sierrawild.gov,False
sigar.gov,sigar.gov,False
sigtarp.gov,sigtarp.gov,True
siteidiq.gov,siteidiq.gov,False
sji.gov,sji.gov,False
slgs.gov,slgs.gov,True
smart.gov,smart.gov,True
smartcheck.gov,smartcheck.gov,True
smarterskies.gov,smarterskies.gov,True
smartgrid.gov,smartgrid.gov,False
smokefree.gov,smokefree.gov,True
smokeybear.gov,smokeybear.gov,False
snap.gov,snap.gov,True
sns.gov,sns.gov,False
socialsecurity.gov,socialsecurity.gov,True
solardecathlon.gov,solardecathlon.gov,False
spaceweather.gov,spaceweather.gov,False
speaker.gov,speaker.gov,False
spectrum.gov,spectrum.gov,False
srs.gov,srs.gov,False
ssa.gov,ssa.gov,True
ssab.gov,ssab.gov,False
sss.gov,sss.gov,False
standards.gov,standards.gov,False
state.gov,state.gov,True
stateoig.gov,stateoig.gov,False
stb.gov,stb.gov,False
stennis.gov,stennis.gov,False
stopalcoholabuse.gov,stopalcoholabuse.gov,False
stopbullying.gov,stopbullying.gov,True
stopfakes.gov,stopfakes.gov,True
stopfraud.gov,stopfraud.gov,True
stopmedicarefraud.gov,stopmedicarefraud.gov,False
strategicsourcing.gov,strategicsourcing.gov,False
strongports.gov,strongports.gov,False
studentaid.gov,studentaid.gov,False
studentloans.gov,studentloans.gov,True
supportfan.gov,supportfan.gov,False
supreme-court.gov,supreme-court.gov,False
supremecourt.gov,supremecourt.gov,False
supremecourtus.gov,supremecourtus.gov,False
surgeongeneral.gov,surgeongeneral.gov,True
sustainability.gov,sustainability.gov,True
sustainablecommunities.gov,sustainablecommunities.gov,True
sworm.gov,sworm.gov,False
swpa.gov,swpa.gov,True
symbols.gov,symbols.gov,True
taaps.gov,taaps.gov,True
tax.gov,tax.gov,False
taxreform.gov,taxreform.gov,False
tcis.gov,tcis.gov,False
teachingprimarysources.gov,teachingprimarysources.gov,False
teachingwithprimarysources.gov,teachingwithprimarysources.gov,False
techtrack.gov,techtrack.gov,False
telework.gov,telework.gov,True
tfhrc.gov,tfhrc.gov,False
thecoolspot.gov,thecoolspot.gov,False
thepeoplesgarden.gov,thepeoplesgarden.gov,False
therealcost.gov,therealcost.gov,False
thisfreelife.gov,thisfreelife.gov,False
thomas.gov,thomas.gov,False
tigta.gov,tigta.gov,False
tigtanet.gov,tigtanet.gov,False
time.gov,time.gov,True
tissueengineering.gov,tissueengineering.gov,False
tmdbhouse.gov,tmdbhouse.gov,False
tobacco.gov,tobacco.gov,False
tox21.gov,tox21.gov,False
tps.gov,tps.gov,False
trade.gov,trade.gov,True
trafficsafetymarketing.gov,trafficsafetymarketing.gov,True
trainingproviderresults.gov,trainingproviderresults.gov,False
transparency.gov,transparency.gov,False
transportation.gov,transportation.gov,True
treas.gov,treas.gov,False
treaslockbox.gov,treaslockbox.gov,False
treasury.fed.us,treasury.fed.us,False
treasury.gov,treasury.gov,True
treasuryauction.gov,treasuryauction.gov,False
treasuryauctions.gov,treasuryauctions.gov,True
treasurydirect.gov,treasurydirect.gov,True
treasuryecm.gov,treasuryecm.gov,False
treasuryhunt.gov,treasuryhunt.gov,True
treasuryscams.gov,treasuryscams.gov,True
tribaljusticeandsafety.gov,tribaljusticeandsafety.gov,False
truman.gov,truman.gov,False
tsa.gov,tsa.gov,True
tsc.gov,tsc.gov,False
tsp.gov,tsp.gov,False
tsptest.gov,tsptest.gov,False
tsunami.gov,tsunami.gov,True
tswg.gov,tswg.gov,True
ttb.gov,ttb.gov,True
ttbonline.gov,ttbonline.gov,False
ttic.gov,ttic.gov,False
ttlplus.gov,ttlplus.gov,False
tva.gov,tva.gov,False
tvaoig.gov,tvaoig.gov,False
twai.gov,twai.gov,False
uce.gov,uce.gov,False
ucia.gov,ucia.gov,False
ucrdatatool.gov,ucrdatatool.gov,False
udall.gov,udall.gov,False
ugov.gov,ugov.gov,False
unicor.gov,unicor.gov,True
unionreports.gov,unionreports.gov,False
unitedstates.gov,unitedstates.gov,False
unitedstatescongress.gov,unitedstatescongress.gov,False
unlocktalent.gov,unlocktalent.gov,True
unnpp.gov,unnpp.gov,False
unrpnet.gov,unrpnet.gov,False
urbanwaters.gov,urbanwaters.gov,False
us-cert.gov,us-cert.gov,True
us.gov,us.gov,False
usa.gov,usa.gov,True
usability.gov,usability.gov,True
usadf.gov,usadf.gov,False
usagov.gov,usagov.gov,False
usaid.gov,usaid.gov,True
usajobs.gov,usajobs.gov,True
usalearning.gov,usalearning.gov,True
usandc.gov,usandc.gov,False
usap.gov,usap.gov,True
usaseanconnect.gov,usaseanconnect.gov,False
usaspending.gov,usaspending.gov,True
usastaffing.gov,usastaffing.gov,True
usbankruptcy.gov,usbankruptcy.gov,False
usbg.gov,usbg.gov,False
usbm.gov,usbm.gov,False
usbr.gov,usbr.gov,True
usc.gov,usc.gov,False
uscapital.gov,uscapital.gov,False
uscapitol.gov,uscapitol.gov,False
uscapitolpolice.gov,uscapitolpolice.gov,False
uscavc.gov,uscavc.gov,False
uscc.gov,uscc.gov,False
usccr.gov,usccr.gov,True
uscg.gov,uscg.gov,False
uscirf.gov,uscirf.gov,True
uscis.gov,uscis.gov,True
uscode.gov,uscode.gov,False
uscongress.gov,uscongress.gov,False
usconsulate.gov,usconsulate.gov,False
uscourts.gov,uscourts.gov,True
uscp.gov,uscp.gov,False
uscurrency.gov,uscurrency.gov,False
usda.gov,usda.gov,True
usdapii.gov,usdapii.gov,False
usdebitcard.gov,usdebitcard.gov,True
usdigitalservice.gov,usdigitalservice.gov,False
usdoj.gov,usdoj.gov,False
usds.gov,usds.gov,True
usembassy.gov,usembassy.gov,True
userra.gov,userra.gov,False
usgcrp.gov,usgcrp.gov,False
usgeo.gov,usgeo.gov,False
usgovernment.gov,usgovernment.gov,False
usgovernmentmanual.gov,usgovernmentmanual.gov,False
usgs.gov,usgs.gov,True
ushmm.gov,ushmm.gov,False
ushouse.gov,ushouse.gov,False
ushr.gov,ushr.gov,False
usich.gov,usich.gov,False
usip.gov,usip.gov,False
usitc.gov,usitc.gov,True
usitcoig.gov,usitcoig.gov,False
usmarshals.gov,usmarshals.gov,True
usmint.gov,usmint.gov,True
usmission.gov,usmission.gov,False
usphs.gov,usphs.gov,False
uspis.gov,uspis.gov,False
usprobation.gov,usprobation.gov,False
usps.gov,usps.gov,True
uspsinformeddelivery.gov,uspsinformeddelivery.gov,False
uspsinnovates.gov,uspsinnovates.gov,False
uspsoig.gov,uspsoig.gov,False
uspto.gov,uspto.gov,True
ussc.gov,ussc.gov,False
ussm.gov,ussm.gov,True
usss.gov,usss.gov,False
ustaxcourt.gov,ustaxcourt.gov,False
ustda.gov,ustda.gov,True
ustr.gov,ustr.gov,False
ustreas.gov,ustreas.gov,False
utahfireinfo.gov,utahfireinfo.gov,True
va.gov,va.gov,True
vaccines.gov,vaccines.gov,True
vcf.gov,vcf.gov,True
vef.gov,vef.gov,True
vehiclehistory.gov,vehiclehistory.gov,True
verifypayment.gov,verifypayment.gov,False
vetbiz.gov,vetbiz.gov,True
veterans.gov,veterans.gov,True
vets.gov,vets.gov,True
visitthecapital.gov,visitthecapital.gov,False
visitthecapitol.gov,visitthecapitol.gov,False
vistacampus.gov,vistacampus.gov,True
voa.gov,voa.gov,False
volcano.gov,volcano.gov,True
volunteer.gov,volunteer.gov,True
volunteeringinamerica.gov,volunteeringinamerica.gov,False
vote.gov,vote.gov,True
votebymail.gov,votebymail.gov,False
wapa.gov,wapa.gov,False
wartimecontracting.gov,wartimecontracting.gov,False
watermonitor.gov,watermonitor.gov,False
wdl.gov,wdl.gov,False
wdol.gov,wdol.gov,False
weather.gov,weather.gov,True
webharvest.gov,webharvest.gov,True
welcometousa.gov,welcometousa.gov,False
wh.gov,wh.gov,False
whaging.gov,whaging.gov,False
whistleblower.gov,whistleblower.gov,True
whistleblowers.gov,whistleblowers.gov,True
whitehouse.gov,whitehouse.gov,True
whitehouseconferenceonaging.gov,whitehouseconferenceonaging.gov,False
whitehousedrugpolicy.gov,whitehousedrugpolicy.gov,False
wildfire.gov,wildfire.gov,False
wildlifeadaptationstrategy.gov,wildlifeadaptationstrategy.gov,True
wizard.gov,wizard.gov,True
wlci.gov,wlci.gov,True
womenshealth.gov,womenshealth.gov,True
womenshistorymonth.gov,womenshistorymonth.gov,False
woodsy.gov,woodsy.gov,False
woodsyowl.gov,woodsyowl.gov,False
worker.gov,worker.gov,True
workplace.gov,workplace.gov,False
worldwar1centennial.gov,worldwar1centennial.gov,False
wrp.gov,wrp.gov,True
ymp.gov,ymp.gov,False
youth.gov,youth.gov,False
youthrules.gov,youthrules.gov,True
