Domain,Base Domain,Scanned URL,Number of External Domains,Number of Internal Domains,Requests to External Domains,Requests to Internal Domains,All External Domains,All Internal Domains,AddThis,Amazon S3,Bootstrap CDN,Brightcove,Digital Analytics Program,DigitalGov Search,DoubleClick,Facebook,GitHub,Google Analytics,Google CDN,Google Custom Search Engine,Google Fonts,GovDelivery,LinkedIn,MixPanel,Pinterest,RawGit CDN,Twitter
9-11commission.gov,9-11commission.gov,,,,,,,,,,,,,,,,,,,,,,,,,,
911.gov,911.gov,,,,,,,,,,,,,,,,,,,,,,,,,,
911commission.gov,911commission.gov,,,,,,,,,,,,,,,,,,,,,,,,,,
abandonedmines.gov,abandonedmines.gov,,,,,,,,,,,,,,,,,,,,,,,,,,
abilityone.gov,abilityone.gov,,,,,,,,,,,,,,,,,,,,,,,,,,
abmc.gov,abmc.gov,,,,,,,,,,,,,,,,,,,,,,,,,,
access-board.gov,access-board.gov,,,,,,,,,,,,,,,,,,,,,,,,,,
achp.gov,achp.gov,,,,,,,,,,,,,,,,,,,,,,,,,,
acl.gov,acl.gov,,,,,,,,,,,,,,,,,,,,,,,,,,
acquisition.gov,acquisition.gov,,,,,,,,,,,,,,,,,,,,,,,,,,
acus.gov,acus.gov,,,,,,,,,,,,,,,,,,,,,,,,,,
acwi.gov,acwi.gov,,,,,,,,,,,,,,,,,,,,,,,,,,
ada.gov,ada.gov,,,,,,,,,,,,,,,,,,,,,,,,,,
adf.gov,adf.gov,,,,,,,,,,,,,,,,,,,,,,,,,,
adlnet.gov,adlnet.gov,,,,,,,,,,,,,,,,,,,,,,,,,,
adr.gov,adr.gov,,,,,,,,,,,,,,,,,,,,,,,,,,
afadvantage.gov,afadvantage.gov,,,,,,,,,,,,,,,,,,,,,,,,,,
aff.gov,aff.gov,,,,,,,,,,,,,,,,,,,,,,,,,,
afrh.gov,afrh.gov,,,,,,,,,,,,,,,,,,,,,,,,,,
africanamericanhistorymonth.gov,africanamericanhistorymonth.gov,,,,,,,,,,,,,,,,,,,,,,,,,,
agingstats.gov,agingstats.gov,,,,,,,,,,,,,,,,,,,,,,,,,,
ahrq.gov,ahrq.gov,,,,,,,,,,,,,,,,,,,,,,,,,,
airnow.gov,airnow.gov,,,,,,,,,,,,,,,,,,,,,,,,,,
alaskacenters.gov,alaskacenters.gov,,,,,,,,,,,,,,,,,,,,,,,,,,
alzheimers.gov,alzheimers.gov,,,,,,,,,,,,,,,,,,,,,,,,,,
amberalert.gov,amberalert.gov,,,,,,,,,,,,,,,,,,,,,,,,,,
america.gov,america.gov,,,,,,,,,,,,,,,,,,,,,,,,,,
americaslibrary.gov,americaslibrary.gov,,,,,,,,,,,,,,,,,,,,,,,,,,
americathebeautifulquarters.gov,americathebeautifulquarters.gov,,,,,,,,,,,,,,,,,,,,,,,,,,
ameslab.gov,ameslab.gov,,,,,,,,,,,,,,,,,,,,,,,,,,
amtrakoig.gov,amtrakoig.gov,,,,,,,,,,,,,,,,,,,,,,,,,,
anchorit.gov,anchorit.gov,,,,,,,,,,,,,,,,,,,,,,,,,,
anl.gov,anl.gov,,,,,,,,,,,,,,,,,,,,,,,,,,
anstaskforce.gov,anstaskforce.gov,,,,,,,,,,,,,,,,,,,,,,,,,,
aoc.gov,aoc.gov,,,,,,,,,,,,,,,,,,,,,,,,,,
apps.gov,apps.gov,,,,,,,,,,,,,,,,,,,,,,,,,,
arc.gov,arc.gov,,,,,,,,,,,,,,,,,,,,,,,,,,
archives.gov,archives.gov,,,,,,,,,,,,,,,,,,,,,,,,,,
arctic.gov,arctic.gov,,,,,,,,,,,,,,,,,,,,,,,,,,
arm.gov,arm.gov,,,,,,,,,,,,,,,,,,,,,,,,,,
ars-grin.gov,ars-grin.gov,,,,,,,,,,,,,,,,,,,,,,,,,,
arts.gov,arts.gov,,,,,,,,,,,,,,,,,,,,,,,,,,
asap.gov,asap.gov,,,,,,,,,,,,,,,,,,,,,,,,,,
asc.gov,asc.gov,,,,,,,,,,,,,,,,,,,,,,,,,,
asianpacificheritage.gov,asianpacificheritage.gov,,,,,,,,,,,,,,,,,,,,,,,,,,
atf.gov,atf.gov,,,,,,,,,,,,,,,,,,,,,,,,,,
atfonline.gov,atfonline.gov,,,,,,,,,,,,,,,,,,,,,,,,,,
aviationweather.gov,aviationweather.gov,,,,,,,,,,,,,,,,,,,,,,,,,,
ayudaconmibanco.gov,ayudaconmibanco.gov,,,,,,,,,,,,,,,,,,,,,,,,,,
bankanswers.gov,bankanswers.gov,,,,,,,,,,,,,,,,,,,,,,,,,,
bankcustomer.gov,bankcustomer.gov,,,,,,,,,,,,,,,,,,,,,,,,,,
bankcustomerassistance.gov,bankcustomerassistance.gov,,,,,,,,,,,,,,,,,,,,,,,,,,
bankhelp.gov,bankhelp.gov,,,,,,,,,,,,,,,,,,,,,,,,,,
banknet.gov,banknet.gov,,,,,,,,,,,,,,,,,,,,,,,,,,
bats.gov,bats.gov,,,,,,,,,,,,,,,,,,,,,,,,,,
bbg.gov,bbg.gov,,,,,,,,,,,,,,,,,,,,,,,,,,
bea.gov,bea.gov,,,,,,,,,,,,,,,,,,,,,,,,,,
benefits.gov,benefits.gov,,,,,,,,,,,,,,,,,,,,,,,,,,
bep.gov,bep.gov,,,,,,,,,,,,,,,,,,,,,,,,,,
bia.gov,bia.gov,,,,,,,,,,,,,,,,,,,,,,,,,,
biomassboard.gov,biomassboard.gov,,,,,,,,,,,,,,,,,,,,,,,,,,
biopreferred.gov,biopreferred.gov,,,,,,,,,,,,,,,,,,,,,,,,,,
bja.gov,bja.gov,,,,,,,,,,,,,,,,,,,,,,,,,,
bjs.gov,bjs.gov,,,,,,,,,,,,,,,,,,,,,,,,,,
blm.gov,blm.gov,,,,,,,,,,,,,,,,,,,,,,,,,,
bls.gov,bls.gov,,,,,,,,,,,,,,,,,,,,,,,,,,
bnl.gov,bnl.gov,,,,,,,,,,,,,,,,,,,,,,,,,,
boem.gov,boem.gov,,,,,,,,,,,,,,,,,,,,,,,,,,
bondpro.gov,bondpro.gov,,,,,,,,,,,,,,,,,,,,,,,,,,
bop.gov,bop.gov,,,,,,,,,,,,,,,,,,,,,,,,,,
bosque.gov,bosque.gov,,,,,,,,,,,,,,,,,,,,,,,,,,
bpa.gov,bpa.gov,,,,,,,,,,,,,,,,,,,,,,,,,,
brac.gov,brac.gov,,,,,,,,,,,,,,,,,,,,,,,,,,
brc.gov,brc.gov,,,,,,,,,,,,,,,,,,,,,,,,,,
broadband.gov,broadband.gov,,,,,,,,,,,,,,,,,,,,,,,,,,
broadbandmap.gov,broadbandmap.gov,,,,,,,,,,,,,,,,,,,,,,,,,,
bsee.gov,bsee.gov,,,,,,,,,,,,,,,,,,,,,,,,,,
bts.gov,bts.gov,,,,,,,,,,,,,,,,,,,,,,,,,,
businessdefense.gov,businessdefense.gov,,,,,,,,,,,,,,,,,,,,,,,,,,
buyaccessible.gov,buyaccessible.gov,,,,,,,,,,,,,,,,,,,,,,,,,,
buyusa.gov,buyusa.gov,,,,,,,,,,,,,,,,,,,,,,,,,,
campusdrugprevention.gov,campusdrugprevention.gov,,,,,,,,,,,,,,,,,,,,,,,,,,
cancer.gov,cancer.gov,,,,,,,,,,,,,,,,,,,,,,,,,,
cao.gov,cao.gov,,,,,,,,,,,,,,,,,,,,,,,,,,
capitol.gov,capitol.gov,,,,,,,,,,,,,,,,,,,,,,,,,,
capnhq.gov,capnhq.gov,,,,,,,,,,,,,,,,,,,,,,,,,,
casl.gov,casl.gov,,,,,,,,,,,,,,,,,,,,,,,,,,
cbca.gov,cbca.gov,,,,,,,,,,,,,,,,,,,,,,,,,,
cbo.gov,cbo.gov,,,,,,,,,,,,,,,,,,,,,,,,,,
cbonews.gov,cbonews.gov,,,,,,,,,,,,,,,,,,,,,,,,,,
cbp.gov,cbp.gov,,,,,,,,,,,,,,,,,,,,,,,,,,
ccac.gov,ccac.gov,,,,,,,,,,,,,,,,,,,,,,,,,,
cdc.gov,cdc.gov,,,,,,,,,,,,,,,,,,,,,,,,,,
cdfifund.gov,cdfifund.gov,,,,,,,,,,,,,,,,,,,,,,,,,,
cecc.gov,cecc.gov,,,,,,,,,,,,,,,,,,,,,,,,,,
cendi.gov,cendi.gov,,,,,,,,,,,,,,,,,,,,,,,,,,
census.gov,census.gov,,,,,,,,,,,,,,,,,,,,,,,,,,
cep.gov,cep.gov,,,,,,,,,,,,,,,,,,,,,,,,,,
cfa.gov,cfa.gov,,,,,,,,,,,,,,,,,,,,,,,,,,
cfda.gov,cfda.gov,,,,,,,,,,,,,,,,,,,,,,,,,,
cfo.gov,cfo.gov,,,,,,,,,,,,,,,,,,,,,,,,,,
cftc.gov,cftc.gov,,,,,,,,,,,,,,,,,,,,,,,,,,
challenge.gov,challenge.gov,,,,,,,,,,,,,,,,,,,,,,,,,,
chcoc.gov,chcoc.gov,,,,,,,,,,,,,,,,,,,,,,,,,,
childreninadversity.gov,childreninadversity.gov,,,,,,,,,,,,,,,,,,,,,,,,,,
childstats.gov,childstats.gov,,,,,,,,,,,,,,,,,,,,,,,,,,
childwelfare.gov,childwelfare.gov,,,,,,,,,,,,,,,,,,,,,,,,,,
chinacommission.gov,chinacommission.gov,,,,,,,,,,,,,,,,,,,,,,,,,,
choosemyplate.gov,choosemyplate.gov,,,,,,,,,,,,,,,,,,,,,,,,,,
cia.gov,cia.gov,,,,,,,,,,,,,,,,,,,,,,,,,,
cio.gov,cio.gov,,,,,,,,,,,,,,,,,,,,,,,,,,
citizenscience.gov,citizenscience.gov,,,,,,,,,,,,,,,,,,,,,,,,,,
cjis.gov,cjis.gov,,,,,,,,,,,,,,,,,,,,,,,,,,
climate.gov,climate.gov,,,,,,,,,,,,,,,,,,,,,,,,,,
clinicaltrials.gov,clinicaltrials.gov,,,,,,,,,,,,,,,,,,,,,,,,,,
clintonlibrary.gov,clintonlibrary.gov,,,,,,,,,,,,,,,,,,,,,,,,,,
cloud.gov,cloud.gov,,,,,,,,,,,,,,,,,,,,,,,,,,
cms.gov,cms.gov,,,,,,,,,,,,,,,,,,,,,,,,,,
cmts.gov,cmts.gov,,,,,,,,,,,,,,,,,,,,,,,,,,
cncsoig.gov,cncsoig.gov,,,,,,,,,,,,,,,,,,,,,,,,,,
cnss.gov,cnss.gov,,,,,,,,,,,,,,,,,,,,,,,,,,
code.gov,code.gov,,,,,,,,,,,,,,,,,,,,,,,,,,
collegedrinkingprevention.gov,collegedrinkingprevention.gov,,,,,,,,,,,,,,,,,,,,,,,,,,
commerce.gov,commerce.gov,,,,,,,,,,,,,,,,,,,,,,,,,,
complaintreferralexpress.gov,complaintreferralexpress.gov,,,,,,,,,,,,,,,,,,,,,,,,,,
compliance.gov,compliance.gov,,,,,,,,,,,,,,,,,,,,,,,,,,
comptrollerofthecurrency.gov,comptrollerofthecurrency.gov,,,,,,,,,,,,,,,,,,,,,,,,,,
computersforlearning.gov,computersforlearning.gov,,,,,,,,,,,,,,,,,,,,,,,,,,
congress.gov,congress.gov,,,,,,,,,,,,,,,,,,,,,,,,,,
connect.gov,connect.gov,,,,,,,,,,,,,,,,,,,,,,,,,,
consumer.gov,consumer.gov,,,,,,,,,,,,,,,,,,,,,,,,,,
consumerfinance.gov,consumerfinance.gov,,,,,,,,,,,,,,,,,,,,,,,,,,
consumersentinel.gov,consumersentinel.gov,,,,,,,,,,,,,,,,,,,,,,,,,,
consumidor.gov,consumidor.gov,,,,,,,,,,,,,,,,,,,,,,,,,,
continentalshelf.gov,continentalshelf.gov,,,,,,,,,,,,,,,,,,,,,,,,,,
contractdirectory.gov,contractdirectory.gov,,,,,,,,,,,,,,,,,,,,,,,,,,
copyright.gov,copyright.gov,,,,,,,,,,,,,,,,,,,,,,,,,,
coralreef.gov,coralreef.gov,,,,,,,,,,,,,,,,,,,,,,,,,,
cpars.gov,cpars.gov,,,,,,,,,,,,,,,,,,,,,,,,,,
cpnireporting.gov,cpnireporting.gov,,,,,,,,,,,,,,,,,,,,,,,,,,
cpsc.gov,cpsc.gov,,,,,,,,,,,,,,,,,,,,,,,,,,
crb.gov,crb.gov,,,,,,,,,,,,,,,,,,,,,,,,,,
crimesolutions.gov,crimesolutions.gov,,,,,,,,,,,,,,,,,,,,,,,,,,
crimevictims.gov,crimevictims.gov,,,,,,,,,,,,,,,,,,,,,,,,,,
crt2014-2024review.gov,crt2014-2024review.gov,,,,,,,,,,,,,,,,,,,,,,,,,,
csb.gov,csb.gov,,,,,,,,,,,,,,,,,,,,,,,,,,
csce.gov,csce.gov,,,,,,,,,,,,,,,,,,,,,,,,,,
csosa.gov,csosa.gov,,,,,,,,,,,,,,,,,,,,,,,,,,
cttso.gov,cttso.gov,,,,,,,,,,,,,,,,,,,,,,,,,,
cuidadodesalud.gov,cuidadodesalud.gov,,,,,,,,,,,,,,,,,,,,,,,,,,
cupcao.gov,cupcao.gov,,,,,,,,,,,,,,,,,,,,,,,,,,
cwc.gov,cwc.gov,,,,,,,,,,,,,,,,,,,,,,,,,,
cyber.gov,cyber.gov,,,,,,,,,,,,,,,,,,,,,,,,,,
cybercareers.gov,cybercareers.gov,,,,,,,,,,,,,,,,,,,,,,,,,,
cybersecurity.gov,cybersecurity.gov,,,,,,,,,,,,,,,,,,,,,,,,,,
data.gov,data.gov,,,,,,,,,,,,,,,,,,,,,,,,,,
dea.gov,dea.gov,,,,,,,,,,,,,,,,,,,,,,,,,,
deaecom.gov,deaecom.gov,,,,,,,,,,,,,,,,,,,,,,,,,,
defense.gov,defense.gov,,,,,,,,,,,,,,,,,,,,,,,,,,
democraticleader.gov,democraticleader.gov,,,,,,,,,,,,,,,,,,,,,,,,,,
democraticwhip.gov,democraticwhip.gov,,,,,,,,,,,,,,,,,,,,,,,,,,
dems.gov,dems.gov,,,,,,,,,,,,,,,,,,,,,,,,,,
denali.gov,denali.gov,,,,,,,,,,,,,,,,,,,,,,,,,,
df.gov,df.gov,,,,,,,,,,,,,,,,,,,,,,,,,,
dfafacts.gov,dfafacts.gov,,,,,,,,,,,,,,,,,,,,,,,,,,
dhs.gov,dhs.gov,,,,,,,,,,,,,,,,,,,,,,,,,,
digital.gov,digital.gov,,,,,,,,,,,,,,,,,,,,,,,,,,
digitaldashboard.gov,digitaldashboard.gov,,,,,,,,,,,,,,,,,,,,,,,,,,
digitalgov.gov,digitalgov.gov,,,,,,,,,,,,,,,,,,,,,,,,,,
digitalliteracy.gov,digitalliteracy.gov,,,,,,,,,,,,,,,,,,,,,,,,,,
digitalpreservation.gov,digitalpreservation.gov,,,,,,,,,,,,,,,,,,,,,,,,,,
digitizationguidelines.gov,digitizationguidelines.gov,,,,,,,,,,,,,,,,,,,,,,,,,,
directoasucuenta.gov,directoasucuenta.gov,,,,,,,,,,,,,,,,,,,,,,,,,,
disasterassistance.gov,disasterassistance.gov,,,,,,,,,,,,,,,,,,,,,,,,,,
disasterhousing.gov,disasterhousing.gov,,,,,,,,,,,,,,,,,,,,,,,,,,
dnfsb.gov,dnfsb.gov,,,,,,,,,,,,,,,,,,,,,,,,,,
dni.gov,dni.gov,,,,,,,,,,,,,,,,,,,,,,,,,,
dnsops.gov,dnsops.gov,,,,,,,,,,,,,,,,,,,,,,,,,,
docline.gov,docline.gov,,,,,,,,,,,,,,,,,,,,,,,,,,
dod.gov,dod.gov,,,,,,,,,,,,,,,,,,,,,,,,,,
doi.gov,doi.gov,,,,,,,,,,,,,,,,,,,,,,,,,,
doioig.gov,doioig.gov,,,,,,,,,,,,,,,,,,,,,,,,,,
dol.gov,dol.gov,,,,,,,,,,,,,,,,,,,,,,,,,,
doleta.gov,doleta.gov,,,,,,,,,,,,,,,,,,,,,,,,,,
donaciondeorganos.gov,donaciondeorganos.gov,,,,,,,,,,,,,,,,,,,,,,,,,,
donotcall.gov,donotcall.gov,,,,,,,,,,,,,,,,,,,,,,,,,,
dotgov.gov,dotgov.gov,,,,,,,,,,,,,,,,,,,,,,,,,,
dra.gov,dra.gov,,,,,,,,,,,,,,,,,,,,,,,,,,
drought.gov,drought.gov,,,,,,,,,,,,,,,,,,,,,,,,,,
drugabuse.gov,drugabuse.gov,,,,,,,,,,,,,,,,,,,,,,,,,,
dsac.gov,dsac.gov,,,,,,,,,,,,,,,,,,,,,,,,,,
e-enterprise.gov,e-enterprise.gov,,,,,,,,,,,,,,,,,,,,,,,,,,
eac.gov,eac.gov,,,,,,,,,,,,,,,,,,,,,,,,,,
earthsystemprediction.gov,earthsystemprediction.gov,,,,,,,,,,,,,,,,,,,,,,,,,,
ecfr.gov,ecfr.gov,,,,,,,,,,,,,,,,,,,,,,,,,,
economicinclusion.gov,economicinclusion.gov,,,,,,,,,,,,,,,,,,,,,,,,,,
econsumer.gov,econsumer.gov,,,,,,,,,,,,,,,,,,,,,,,,,,
ecpic.gov,ecpic.gov,,,,,,,,,,,,,,,,,,,,,,,,,,
ed.gov,ed.gov,,,,,,,,,,,,,,,,,,,,,,,,,,
eda.gov,eda.gov,,,,,,,,,,,,,,,,,,,,,,,,,,
eeoc.gov,eeoc.gov,,,,,,,,,,,,,,,,,,,,,,,,,,
eftps.gov,eftps.gov,,,,,,,,,,,,,,,,,,,,,,,,,,
eia.gov,eia.gov,,,,,,,,,,,,,,,,,,,,,,,,,,
eisenhowermemorial.gov,eisenhowermemorial.gov,,,,,,,,,,,,,,,,,,,,,,,,,,
employeeexpress.gov,employeeexpress.gov,,,,,,,,,,,,,,,,,,,,,,,,,,
employer.gov,employer.gov,,,,,,,,,,,,,,,,,,,,,,,,,,
empowhr.gov,empowhr.gov,,,,,,,,,,,,,,,,,,,,,,,,,,
ems.gov,ems.gov,,,,,,,,,,,,,,,,,,,,,,,,,,
endingthedocumentgame.gov,endingthedocumentgame.gov,,,,,,,,,,,,,,,,,,,,,,,,,,
energy.gov,energy.gov,,,,,,,,,,,,,,,,,,,,,,,,,,
energycodes.gov,energycodes.gov,,,,,,,,,,,,,,,,,,,,,,,,,,
energystar.gov,energystar.gov,,,,,,,,,,,,,,,,,,,,,,,,,,
epa.gov,epa.gov,,,,,,,,,,,,,,,,,,,,,,,,,,
epic.gov,epic.gov,,,,,,,,,,,,,,,,,,,,,,,,,,
esa.gov,esa.gov,,,,,,,,,,,,,,,,,,,,,,,,,,
esc.gov,esc.gov,,,,,,,,,,,,,,,,,,,,,,,,,,
esrs.gov,esrs.gov,,,,,,,,,,,,,,,,,,,,,,,,,,
eta-find.gov,eta-find.gov,,,,,,,,,,,,,,,,,,,,,,,,,,
ethicsburg.gov,ethicsburg.gov,,,,,,,,,,,,,,,,,,,,,,,,,,
evergladesrestoration.gov,evergladesrestoration.gov,,,,,,,,,,,,,,,,,,,,,,,,,,
everykidinapark.gov,everykidinapark.gov,,,,,,,,,,,,,,,,,,,,,,,,,,
evus.gov,evus.gov,,,,,,,,,,,,,,,,,,,,,,,,,,
execsec.gov,execsec.gov,,,,,,,,,,,,,,,,,,,,,,,,,,
export.gov,export.gov,,,,,,,,,,,,,,,,,,,,,,,,,,
eyenote.gov,eyenote.gov,,,,,,,,,,,,,,,,,,,,,,,,,,
faa.gov,faa.gov,,,,,,,,,,,,,,,,,,,,,,,,,,
faasafety.gov,faasafety.gov,,,,,,,,,,,,,,,,,,,,,,,,,,
facadatabase.gov,facadatabase.gov,,,,,,,,,,,,,,,,,,,,,,,,,,
fafsa.gov,fafsa.gov,,,,,,,,,,,,,,,,,,,,,,,,,,
fai.gov,fai.gov,,,,,,,,,,,,,,,,,,,,,,,,,,
fan.gov,fan.gov,,,,,,,,,,,,,,,,,,,,,,,,,,
fapiis.gov,fapiis.gov,,,,,,,,,,,,,,,,,,,,,,,,,,
fara.gov,fara.gov,,,,,,,,,,,,,,,,,,,,,,,,,,
fasab.gov,fasab.gov,,,,,,,,,,,,,,,,,,,,,,,,,,
fatherhood.gov,fatherhood.gov,,,,,,,,,,,,,,,,,,,,,,,,,,
fbi.gov,fbi.gov,,,,,,,,,,,,,,,,,,,,,,,,,,
fbiic.gov,fbiic.gov,,,,,,,,,,,,,,,,,,,,,,,,,,
fbijobs.gov,fbijobs.gov,,,,,,,,,,,,,,,,,,,,,,,,,,
fbo.gov,fbo.gov,,,,,,,,,,,,,,,,,,,,,,,,,,
fca.gov,fca.gov,,,,,,,,,,,,,,,,,,,,,,,,,,
fcc.gov,fcc.gov,,,,,,,,,,,,,,,,,,,,,,,,,,
fcg.gov,fcg.gov,,,,,,,,,,,,,,,,,,,,,,,,,,
fcsic.gov,fcsic.gov,,,,,,,,,,,,,,,,,,,,,,,,,,
fda.gov,fda.gov,,,,,,,,,,,,,,,,,,,,,,,,,,
fdic.gov,fdic.gov,,,,,,,,,,,,,,,,,,,,,,,,,,
fdicconnect.gov,fdicconnect.gov,,,,,,,,,,,,,,,,,,,,,,,,,,
fdicig.gov,fdicig.gov,,,,,,,,,,,,,,,,,,,,,,,,,,
fdicoig.gov,fdicoig.gov,,,,,,,,,,,,,,,,,,,,,,,,,,
fdicseguro.gov,fdicseguro.gov,,,,,,,,,,,,,,,,,,,,,,,,,,
fdlp.gov,fdlp.gov,,,,,,,,,,,,,,,,,,,,,,,,,,
fdms.gov,fdms.gov,,,,,,,,,,,,,,,,,,,,,,,,,,
fea.gov,fea.gov,,,,,,,,,,,,,,,,,,,,,,,,,,
feb.gov,feb.gov,,,,,,,,,,,,,,,,,,,,,,,,,,
fec.gov,fec.gov,,,,,,,,,,,,,,,,,,,,,,,,,,
fedcenter.gov,fedcenter.gov,,,,,,,,,,,,,,,,,,,,,,,,,,
federalinvestments.gov,federalinvestments.gov,,,,,,,,,,,,,,,,,,,,,,,,,,
federalregister.gov,federalregister.gov,,,,,,,,,,,,,,,,,,,,,,,,,,
federalreserve.gov,federalreserve.gov,,,,,,,,,,,,,,,,,,,,,,,,,,
federalreserveconsumerhelp.gov,federalreserveconsumerhelp.gov,,,,,,,,,,,,,,,,,,,,,,,,,,
fedidcard.gov,fedidcard.gov,,,,,,,,,,,,,,,,,,,,,,,,,,
fedinvest.gov,fedinvest.gov,,,,,,,,,,,,,,,,,,,,,,,,,,
fedpartnership.gov,fedpartnership.gov,,,,,,,,,,,,,,,,,,,,,,,,,,
fedramp.gov,fedramp.gov,,,,,,,,,,,,,,,,,,,,,,,,,,
fedshirevets.gov,fedshirevets.gov,,,,,,,,,,,,,,,,,,,,,,,,,,
feedthefuture.gov,feedthefuture.gov,,,,,,,,,,,,,,,,,,,,,,,,,,
fema.gov,fema.gov,,,,,,,,,,,,,,,,,,,,,,,,,,
ferc.gov,ferc.gov,,,,,,,,,,,,,,,,,,,,,,,,,,
fercalt.gov,fercalt.gov,,,,,,,,,,,,,,,,,,,,,,,,,,
ffiec.gov,ffiec.gov,,,,,,,,,,,,,,,,,,,,,,,,,,
fgdc.gov,fgdc.gov,,,,,,,,,,,,,,,,,,,,,,,,,,
fhfa.gov,fhfa.gov,,,,,,,,,,,,,,,,,,,,,,,,,,
fhfaoig.gov,fhfaoig.gov,,,,,,,,,,,,,,,,,,,,,,,,,,
financialresearch.gov,financialresearch.gov,,,,,,,,,,,,,,,,,,,,,,,,,,
fincen.gov,fincen.gov,,,,,,,,,,,,,,,,,,,,,,,,,,
firecode.gov,firecode.gov,,,,,,,,,,,,,,,,,,,,,,,,,,
fireleadership.gov,fireleadership.gov,,,,,,,,,,,,,,,,,,,,,,,,,,
firescience.gov,firescience.gov,,,,,,,,,,,,,,,,,,,,,,,,,,
firstnet.gov,firstnet.gov,,,,,,,,,,,,,,,,,,,,,,,,,,
firstrespondertraining.gov,firstrespondertraining.gov,,,,,,,,,,,,,,,,,,,,,,,,,,
fishwatch.gov,fishwatch.gov,,,,,,,,,,,,,,,,,,,,,,,,,,
fjc.gov,fjc.gov,,,,,,,,,,,,,,,,,,,,,,,,,,
fleta.gov,fleta.gov,,,,,,,,,,,,,,,,,,,,,,,,,,
fletc.gov,fletc.gov,,,,,,,,,,,,,,,,,,,,,,,,,,
flightschoolcandidates.gov,flightschoolcandidates.gov,,,,,,,,,,,,,,,,,,,,,,,,,,
flra.gov,flra.gov,,,,,,,,,,,,,,,,,,,,,,,,,,
fmc.gov,fmc.gov,,,,,,,,,,,,,,,,,,,,,,,,,,
fmcs.gov,fmcs.gov,,,,,,,,,,,,,,,,,,,,,,,,,,
fmi.gov,fmi.gov,,,,,,,,,,,,,,,,,,,,,,,,,,
fmshrc.gov,fmshrc.gov,,,,,,,,,,,,,,,,,,,,,,,,,,
fnal.gov,fnal.gov,,,,,,,,,,,,,,,,,,,,,,,,,,
foia.gov,foia.gov,,,,,,,,,,,,,,,,,,,,,,,,,,
foodsafety.gov,foodsafety.gov,,,,,,,,,,,,,,,,,,,,,,,,,,
fordlibrarymuseum.gov,fordlibrarymuseum.gov,,,,,,,,,,,,,,,,,,,,,,,,,,
foreignassistance.gov,foreignassistance.gov,,,,,,,,,,,,,,,,,,,,,,,,,,
forestsandrangelands.gov,forestsandrangelands.gov,,,,,,,,,,,,,,,,,,,,,,,,,,
forfeiture.gov,forfeiture.gov,,,,,,,,,,,,,,,,,,,,,,,,,,
fpc.gov,fpc.gov,,,,,,,,,,,,,,,,,,,,,,,,,,
fpds.gov,fpds.gov,,,,,,,,,,,,,,,,,,,,,,,,,,
frpg.gov,frpg.gov,,,,,,,,,,,,,,,,,,,,,,,,,,
frtib.gov,frtib.gov,,,,,,,,,,,,,,,,,,,,,,,,,,
frtr.gov,frtr.gov,,,,,,,,,,,,,,,,,,,,,,,,,,
fs.fed.us,fs.fed.us,,,,,,,,,,,,,,,,,,,,,,,,,,
fsd.gov,fsd.gov,,,,,,,,,,,,,,,,,,,,,,,,,,
fsgb.gov,fsgb.gov,,,,,,,,,,,,,,,,,,,,,,,,,,
fsrs.gov,fsrs.gov,,,,,,,,,,,,,,,,,,,,,,,,,,
ftc.gov,ftc.gov,,,,,,,,,,,,,,,,,,,,,,,,,,
ftccomplaintassistant.gov,ftccomplaintassistant.gov,,,,,,,,,,,,,,,,,,,,,,,,,,
ftcefile.gov,ftcefile.gov,,,,,,,,,,,,,,,,,,,,,,,,,,
fttesttwai.gov,fttesttwai.gov,,,,,,,,,,,,,,,,,,,,,,,,,,
fueleconomy.gov,fueleconomy.gov,,,,,,,,,,,,,,,,,,,,,,,,,,
fvap.gov,fvap.gov,,,,,,,,,,,,,,,,,,,,,,,,,,
fws.gov,fws.gov,,,,,,,,,,,,,,,,,,,,,,,,,,
g5.gov,g5.gov,,,,,,,,,,,,,,,,,,,,,,,,,,
gao.gov,gao.gov,,,,,,,,,,,,,,,,,,,,,,,,,,
gcdamp.gov,gcdamp.gov,,,,,,,,,,,,,,,,,,,,,,,,,,
gcmrc.gov,gcmrc.gov,,,,,,,,,,,,,,,,,,,,,,,,,,
genome.gov,genome.gov,,,,,,,,,,,,,,,,,,,,,,,,,,
geomac.gov,geomac.gov,,,,,,,,,,,,,,,,,,,,,,,,,,
geoplatform.gov,geoplatform.gov,,,,,,,,,,,,,,,,,,,,,,,,,,
getsmartaboutdrugs.gov,getsmartaboutdrugs.gov,,,,,,,,,,,,,,,,,,,,,,,,,,
ginniemae.gov,ginniemae.gov,,,,,,,,,,,,,,,,,,,,,,,,,,
girlshealth.gov,girlshealth.gov,,,,,,,,,,,,,,,,,,,,,,,,,,
globalchange.gov,globalchange.gov,,,,,,,,,,,,,,,,,,,,,,,,,,
globe.gov,globe.gov,,,,,,,,,,,,,,,,,,,,,,,,,,
godirect.gov,godirect.gov,,,,,,,,,,,,,,,,,,,,,,,,,,
goes-r.gov,goes-r.gov,,,,,,,,,,,,,,,,,,,,,,,,,,
gop.gov,gop.gov,,,,,,,,,,,,,,,,,,,,,,,,,,
govbenefits.gov,govbenefits.gov,,,,,,,,,,,,,,,,,,,,,,,,,,
govinfo.gov,govinfo.gov,,,,,,,,,,,,,,,,,,,,,,,,,,
govloans.gov,govloans.gov,,,,,,,,,,,,,,,,,,,,,,,,,,
govsales.gov,govsales.gov,,,,,,,,,,,,,,,,,,,,,,,,,,
gpo.gov,gpo.gov,,,,,,,,,,,,,,,,,,,,,,,,,,
gps.gov,gps.gov,,,,,,,,,,,,,,,,,,,,,,,,,,
grants.gov,grants.gov,,,,,,,,,,,,,,,,,,,,,,,,,,
grantsolutions.gov,grantsolutions.gov,,,,,,,,,,,,,,,,,,,,,,,,,,
gsa.gov,gsa.gov,,,,,,,,,,,,,,,,,,,,,,,,,,
gsaadvantage.gov,gsaadvantage.gov,,,,,,,,,,,,,,,,,,,,,,,,,,
gsaauctions.gov,gsaauctions.gov,,,,,,,,,,,,,,,,,,,,,,,,,,
gsaig.gov,gsaig.gov,,,,,,,,,,,,,,,,,,,,,,,,,,
gsaxcess.gov,gsaxcess.gov,,,,,,,,,,,,,,,,,,,,,,,,,,
guideline.gov,guideline.gov,,,,,,,,,,,,,,,,,,,,,,,,,,
guidelines.gov,guidelines.gov,,,,,,,,,,,,,,,,,,,,,,,,,,
hanford.gov,hanford.gov,,,,,,,,,,,,,,,,,,,,,,,,,,
harp.gov,harp.gov,,,,,,,,,,,,,,,,,,,,,,,,,,
health.gov,health.gov,,,,,,,,,,,,,,,,,,,,,,,,,,
healthcare.gov,healthcare.gov,,,,,,,,,,,,,,,,,,,,,,,,,,
healthdata.gov,healthdata.gov,,,,,,,,,,,,,,,,,,,,,,,,,,
healthfinder.gov,healthfinder.gov,,,,,,,,,,,,,,,,,,,,,,,,,,
healthit.gov,healthit.gov,,,,,,,,,,,,,,,,,,,,,,,,,,
healthypeople.gov,healthypeople.gov,,,,,,,,,,,,,,,,,,,,,,,,,,
helpwithmybank.gov,helpwithmybank.gov,,,,,,,,,,,,,,,,,,,,,,,,,,
helpwithmycheckingaccount.gov,helpwithmycheckingaccount.gov,,,,,,,,,,,,,,,,,,,,,,,,,,
helpwithmycreditcard.gov,helpwithmycreditcard.gov,,,,,,,,,,,,,,,,,,,,,,,,,,
helpwithmycreditcardbank.gov,helpwithmycreditcardbank.gov,,,,,,,,,,,,,,,,,,,,,,,,,,
helpwithmymortgage.gov,helpwithmymortgage.gov,,,,,,,,,,,,,,,,,,,,,,,,,,
helpwithmymortgagebank.gov,helpwithmymortgagebank.gov,,,,,,,,,,,,,,,,,,,,,,,,,,
heritageabroad.gov,heritageabroad.gov,,,,,,,,,,,,,,,,,,,,,,,,,,
hhs.gov,hhs.gov,,,,,,,,,,,,,,,,,,,,,,,,,,
hirevets.gov,hirevets.gov,,,,,,,,,,,,,,,,,,,,,,,,,,
hispanicheritagemonth.gov,hispanicheritagemonth.gov,,,,,,,,,,,,,,,,,,,,,,,,,,
history.gov,history.gov,,,,,,,,,,,,,,,,,,,,,,,,,,
hiv.gov,hiv.gov,,,,,,,,,,,,,,,,,,,,,,,,,,
homesales.gov,homesales.gov,,,,,,,,,,,,,,,,,,,,,,,,,,
house.gov,house.gov,,,,,,,,,,,,,,,,,,,,,,,,,,
houselive.gov,houselive.gov,,,,,,,,,,,,,,,,,,,,,,,,,,
hrsa.gov,hrsa.gov,,,,,,,,,,,,,,,,,,,,,,,,,,
hru.gov,hru.gov,,,,,,,,,,,,,,,,,,,,,,,,,,
hud.gov,hud.gov,,,,,,,,,,,,,,,,,,,,,,,,,,
hudoig.gov,hudoig.gov,,,,,,,,,,,,,,,,,,,,,,,,,,
huduser.gov,huduser.gov,,,,,,,,,,,,,,,,,,,,,,,,,,
hydrogen.gov,hydrogen.gov,,,,,,,,,,,,,,,,,,,,,,,,,,
iad.gov,iad.gov,,,,,,,,,,,,,,,,,,,,,,,,,,
iaf.gov,iaf.gov,,,,,,,,,,,,,,,,,,,,,,,,,,
iarpa-ideas.gov,iarpa-ideas.gov,,,,,,,,,,,,,,,,,,,,,,,,,,
iarpa.gov,iarpa.gov,,,,,,,,,,,,,,,,,,,,,,,,,,
iat.gov,iat.gov,,,,,,,,,,,,,,,,,,,,,,,,,,
iawg.gov,iawg.gov,,,,,,,,,,,,,,,,,,,,,,,,,,
ibwc.gov,ibwc.gov,,,,,,,,,,,,,,,,,,,,,,,,,,
ic3.gov,ic3.gov,,,,,,,,,,,,,,,,,,,,,,,,,,
icass.gov,icass.gov,,,,,,,,,,,,,,,,,,,,,,,,,,
ice.gov,ice.gov,,,,,,,,,,,,,,,,,,,,,,,,,,
idealab.gov,idealab.gov,,,,,,,,,,,,,,,,,,,,,,,,,,
identitytheft.gov,identitytheft.gov,,,,,,,,,,,,,,,,,,,,,,,,,,
idmanagement.gov,idmanagement.gov,,,,,,,,,,,,,,,,,,,,,,,,,,
ignet.gov,ignet.gov,,,,,,,,,,,,,,,,,,,,,,,,,,
ihs.gov,ihs.gov,,,,,,,,,,,,,,,,,,,,,,,,,,
imls.gov,imls.gov,,,,,,,,,,,,,,,,,,,,,,,,,,
indianaffairs.gov,indianaffairs.gov,,,,,,,,,,,,,,,,,,,,,,,,,,
inl.gov,inl.gov,,,,,,,,,,,,,,,,,,,,,,,,,,
innovation.gov,innovation.gov,,,,,,,,,,,,,,,,,,,,,,,,,,
insurekidsnow.gov,insurekidsnow.gov,,,,,,,,,,,,,,,,,,,,,,,,,,
integrity.gov,integrity.gov,,,,,,,,,,,,,,,,,,,,,,,,,,
intelink.gov,intelink.gov,,,,,,,,,,,,,,,,,,,,,,,,,,
intelligence.gov,intelligence.gov,,,,,,,,,,,,,,,,,,,,,,,,,,
intelligencecareers.gov,intelligencecareers.gov,,,,,,,,,,,,,,,,,,,,,,,,,,
invasivespeciesinfo.gov,invasivespeciesinfo.gov,,,,,,,,,,,,,,,,,,,,,,,,,,
investor.gov,investor.gov,,,,,,,,,,,,,,,,,,,,,,,,,,
ipac.gov,ipac.gov,,,,,,,,,,,,,,,,,,,,,,,,,,
ipp.gov,ipp.gov,,,,,,,,,,,,,,,,,,,,,,,,,,
iprcenter.gov,iprcenter.gov,,,,,,,,,,,,,,,,,,,,,,,,,,
irs.gov,irs.gov,,,,,,,,,,,,,,,,,,,,,,,,,,
irsvideos.gov,irsvideos.gov,,,,,,,,,,,,,,,,,,,,,,,,,,
ise.gov,ise.gov,,,,,,,,,,,,,,,,,,,,,,,,,,
isotope.gov,isotope.gov,,,,,,,,,,,,,,,,,,,,,,,,,,
isotopes.gov,isotopes.gov,,,,,,,,,,,,,,,,,,,,,,,,,,
itap.gov,itap.gov,,,,,,,,,,,,,,,,,,,,,,,,,,
itdashboard.gov,itdashboard.gov,,,,,,,,,,,,,,,,,,,,,,,,,,
itis.gov,itis.gov,,,,,,,,,,,,,,,,,,,,,,,,,,
itrd.gov,itrd.gov,,,,,,,,,,,,,,,,,,,,,,,,,,
its.gov,its.gov,,,,,,,,,,,,,,,,,,,,,,,,,,
jamesmadison.gov,jamesmadison.gov,,,,,,,,,,,,,,,,,,,,,,,,,,
jccs.gov,jccs.gov,,,,,,,,,,,,,,,,,,,,,,,,,,
jct.gov,jct.gov,,,,,,,,,,,,,,,,,,,,,,,,,,
jem.gov,jem.gov,,,,,,,,,,,,,,,,,,,,,,,,,,
jewishheritagemonth.gov,jewishheritagemonth.gov,,,,,,,,,,,,,,,,,,,,,,,,,,
jimmycarterlibrary.gov,jimmycarterlibrary.gov,,,,,,,,,,,,,,,,,,,,,,,,,,
jobcorps.gov,jobcorps.gov,,,,,,,,,,,,,,,,,,,,,,,,,,
jusfc.gov,jusfc.gov,,,,,,,,,,,,,,,,,,,,,,,,,,
justice.gov,justice.gov,,,,,,,,,,,,,,,,,,,,,,,,,,
justthinktwice.gov,justthinktwice.gov,,,,,,,,,,,,,,,,,,,,,,,,,,
juvenilecouncil.gov,juvenilecouncil.gov,,,,,,,,,,,,,,,,,,,,,,,,,,
jwod.gov,jwod.gov,,,,,,,,,,,,,,,,,,,,,,,,,,
klamathrestoration.gov,klamathrestoration.gov,,,,,,,,,,,,,,,,,,,,,,,,,,
labor.gov,labor.gov,,,,,,,,,,,,,,,,,,,,,,,,,,
lacoast.gov,lacoast.gov,,,,,,,,,,,,,,,,,,,,,,,,,,
landfire.gov,landfire.gov,,,,,,,,,,,,,,,,,,,,,,,,,,
landimaging.gov,landimaging.gov,,,,,,,,,,,,,,,,,,,,,,,,,,
lanl.gov,lanl.gov,,,,,,,,,,,,,,,,,,,,,,,,,,
lbl.gov,lbl.gov,,,,,,,,,,,,,,,,,,,,,,,,,,
lca.gov,lca.gov,,,,,,,,,,,,,,,,,,,,,,,,,,
lcacommons.gov,lcacommons.gov,,,,,,,,,,,,,,,,,,,,,,,,,,
lcrmscp.gov,lcrmscp.gov,,,,,,,,,,,,,,,,,,,,,,,,,,
learnatf.gov,learnatf.gov,,,,,,,,,,,,,,,,,,,,,,,,,,
lep.gov,lep.gov,,,,,,,,,,,,,,,,,,,,,,,,,,
letgirlslearn.gov,letgirlslearn.gov,,,,,,,,,,,,,,,,,,,,,,,,,,
listo.gov,listo.gov,,,,,,,,,,,,,,,,,,,,,,,,,,
llnl.gov,llnl.gov,,,,,,,,,,,,,,,,,,,,,,,,,,
lmrcouncil.gov,lmrcouncil.gov,,,,,,,,,,,,,,,,,,,,,,,,,,
lmvsci.gov,lmvsci.gov,,,,,,,,,,,,,,,,,,,,,,,,,,
loc.gov,loc.gov,,,,,,,,,,,,,,,,,,,,,,,,,,
locatorplus.gov,locatorplus.gov,,,,,,,,,,,,,,,,,,,,,,,,,,
login.gov,login.gov,,,,,,,,,,,,,,,,,,,,,,,,,,
lps.gov,lps.gov,,,,,,,,,,,,,,,,,,,,,,,,,,
lsc.gov,lsc.gov,,,,,,,,,,,,,,,,,,,,,,,,,,
macpac.gov,macpac.gov,,,,,,,,,,,,,,,,,,,,,,,,,,
majorityleader.gov,majorityleader.gov,,,,,,,,,,,,,,,,,,,,,,,,,,
majoritywhip.gov,majoritywhip.gov,,,,,,,,,,,,,,,,,,,,,,,,,,
makinghomeaffordable.gov,makinghomeaffordable.gov,,,,,,,,,,,,,,,,,,,,,,,,,,
malwareinvestigator.gov,malwareinvestigator.gov,,,,,,,,,,,,,,,,,,,,,,,,,,
manufacturing.gov,manufacturing.gov,,,,,,,,,,,,,,,,,,,,,,,,,,
marine.gov,marine.gov,,,,,,,,,,,,,,,,,,,,,,,,,,
marinecadastre.gov,marinecadastre.gov,,,,,,,,,,,,,,,,,,,,,,,,,,
max.gov,max.gov,,,,,,,,,,,,,,,,,,,,,,,,,,
mbda.gov,mbda.gov,,,,,,,,,,,,,,,,,,,,,,,,,,
mcc.gov,mcc.gov,,,,,,,,,,,,,,,,,,,,,,,,,,
medalofvalor.gov,medalofvalor.gov,,,,,,,,,,,,,,,,,,,,,,,,,,
medicaid.gov,medicaid.gov,,,,,,,,,,,,,,,,,,,,,,,,,,
medicalcountermeasures.gov,medicalcountermeasures.gov,,,,,,,,,,,,,,,,,,,,,,,,,,
medlineplus.gov,medlineplus.gov,,,,,,,,,,,,,,,,,,,,,,,,,,
medpac.gov,medpac.gov,,,,,,,,,,,,,,,,,,,,,,,,,,
mentalhealth.gov,mentalhealth.gov,,,,,,,,,,,,,,,,,,,,,,,,,,
mgi.gov,mgi.gov,,,,,,,,,,,,,,,,,,,,,,,,,,
militaryconsumer.gov,militaryconsumer.gov,,,,,,,,,,,,,,,,,,,,,,,,,,
mitigationcommission.gov,mitigationcommission.gov,,,,,,,,,,,,,,,,,,,,,,,,,,
mmc.gov,mmc.gov,,,,,,,,,,,,,,,,,,,,,,,,,,
mojavedata.gov,mojavedata.gov,,,,,,,,,,,,,,,,,,,,,,,,,,
moneyfactory.gov,moneyfactory.gov,,,,,,,,,,,,,,,,,,,,,,,,,,
moneyfactorystore.gov,moneyfactorystore.gov,,,,,,,,,,,,,,,,,,,,,,,,,,
mrlc.gov,mrlc.gov,,,,,,,,,,,,,,,,,,,,,,,,,,
msha.gov,msha.gov,,,,,,,,,,,,,,,,,,,,,,,,,,
mspb.gov,mspb.gov,,,,,,,,,,,,,,,,,,,,,,,,,,
mtbs.gov,mtbs.gov,,,,,,,,,,,,,,,,,,,,,,,,,,
mycreditunion.gov,mycreditunion.gov,,,,,,,,,,,,,,,,,,,,,,,,,,
myira.gov,myira.gov,,,,,,,,,,,,,,,,,,,,,,,,,,
mymedicare.gov,mymedicare.gov,,,,,,,,,,,,,,,,,,,,,,,,,,
mymoney.gov,mymoney.gov,,,,,,,,,,,,,,,,,,,,,,,,,,
myra.gov,myra.gov,,,,,,,,,,,,,,,,,,,,,,,,,,
nafri.gov,nafri.gov,,,,,,,,,,,,,,,,,,,,,,,,,,
nagb.gov,nagb.gov,,,,,,,,,,,,,,,,,,,,,,,,,,
namus.gov,namus.gov,,,,,,,,,,,,,,,,,,,,,,,,,,
nano.gov,nano.gov,,,,,,,,,,,,,,,,,,,,,,,,,,
nasa.gov,nasa.gov,,,,,,,,,,,,,,,,,,,,,,,,,,
nationalbank.gov,nationalbank.gov,,,,,,,,,,,,,,,,,,,,,,,,,,
nationalbankhelp.gov,nationalbankhelp.gov,,,,,,,,,,,,,,,,,,,,,,,,,,
nationalbanknet.gov,nationalbanknet.gov,,,,,,,,,,,,,,,,,,,,,,,,,,
nationalgangcenter.gov,nationalgangcenter.gov,,,,,,,,,,,,,,,,,,,,,,,,,,
nationalhousing.gov,nationalhousing.gov,,,,,,,,,,,,,,,,,,,,,,,,,,
nationalhousinglocator.gov,nationalhousinglocator.gov,,,,,,,,,,,,,,,,,,,,,,,,,,
nationalmap.gov,nationalmap.gov,,,,,,,,,,,,,,,,,,,,,,,,,,
nationalresourcedirectory.gov,nationalresourcedirectory.gov,,,,,,,,,,,,,,,,,,,,,,,,,,
nationalservice.gov,nationalservice.gov,,,,,,,,,,,,,,,,,,,,,,,,,,
nationsreportcard.gov,nationsreportcard.gov,,,,,,,,,,,,,,,,,,,,,,,,,,
nativeamericanheritagemonth.gov,nativeamericanheritagemonth.gov,,,,,,,,,,,,,,,,,,,,,,,,,,
nbc.gov,nbc.gov,,,,,,,,,,,,,,,,,,,,,,,,,,
nbm.gov,nbm.gov,,,,,,,,,,,,,,,,,,,,,,,,,,
nbrc.gov,nbrc.gov,,,,,,,,,,,,,,,,,,,,,,,,,,
nccs.gov,nccs.gov,,,,,,,,,,,,,,,,,,,,,,,,,,
ncd.gov,ncd.gov,,,,,,,,,,,,,,,,,,,,,,,,,,
ncirc.gov,ncirc.gov,,,,,,,,,,,,,,,,,,,,,,,,,,
ncjrs.gov,ncjrs.gov,,,,,,,,,,,,,,,,,,,,,,,,,,
ncpc.gov,ncpc.gov,,,,,,,,,,,,,,,,,,,,,,,,,,
ncrc.gov,ncrc.gov,,,,,,,,,,,,,,,,,,,,,,,,,,
ncua.gov,ncua.gov,,,,,,,,,,,,,,,,,,,,,,,,,,
neglecteddiseases.gov,neglecteddiseases.gov,,,,,,,,,,,,,,,,,,,,,,,,,,
neh.gov,neh.gov,,,,,,,,,,,,,,,,,,,,,,,,,,
nehrp.gov,nehrp.gov,,,,,,,,,,,,,,,,,,,,,,,,,,
nemi.gov,nemi.gov,,,,,,,,,,,,,,,,,,,,,,,,,,
nersc.gov,nersc.gov,,,,,,,,,,,,,,,,,,,,,,,,,,
nfpors.gov,nfpors.gov,,,,,,,,,,,,,,,,,,,,,,,,,,
nga.gov,nga.gov,,,,,,,,,,,,,,,,,,,,,,,,,,
ngc.gov,ngc.gov,,,,,,,,,,,,,,,,,,,,,,,,,,
nhl.gov,nhl.gov,,,,,,,,,,,,,,,,,,,,,,,,,,
nhtsa.gov,nhtsa.gov,,,,,,,,,,,,,,,,,,,,,,,,,,
nicic.gov,nicic.gov,,,,,,,,,,,,,,,,,,,,,,,,,,
nicsezcheckfbi.gov,nicsezcheckfbi.gov,,,,,,,,,,,,,,,,,,,,,,,,,,
niem.gov,niem.gov,,,,,,,,,,,,,,,,,,,,,,,,,,
nifc.gov,nifc.gov,,,,,,,,,,,,,,,,,,,,,,,,,,
nigc.gov,nigc.gov,,,,,,,,,,,,,,,,,,,,,,,,,,
nih.gov,nih.gov,,,,,,,,,,,,,,,,,,,,,,,,,,
nij.gov,nij.gov,,,,,,,,,,,,,,,,,,,,,,,,,,
nist.gov,nist.gov,,,,,,,,,,,,,,,,,,,,,,,,,,
nitrd.gov,nitrd.gov,,,,,,,,,,,,,,,,,,,,,,,,,,
nixonlibrary.gov,nixonlibrary.gov,,,,,,,,,,,,,,,,,,,,,,,,,,
nlrb.gov,nlrb.gov,,,,,,,,,,,,,,,,,,,,,,,,,,
nls.gov,nls.gov,,,,,,,,,,,,,,,,,,,,,,,,,,
nmb.gov,nmb.gov,,,,,,,,,,,,,,,,,,,,,,,,,,
nmcourt.fed.us,nmcourt.fed.us,,,,,,,,,,,,,,,,,,,,,,,,,,
nmsc.gov,nmsc.gov,,,,,,,,,,,,,,,,,,,,,,,,,,
nnlm.gov,nnlm.gov,,,,,,,,,,,,,,,,,,,,,,,,,,
nnss.gov,nnss.gov,,,,,,,,,,,,,,,,,,,,,,,,,,
noaa.gov,noaa.gov,,,,,,,,,,,,,,,,,,,,,,,,,,
nolaenvironmental.gov,nolaenvironmental.gov,,,,,,,,,,,,,,,,,,,,,,,,,,
nps.gov,nps.gov,,,,,,,,,,,,,,,,,,,,,,,,,,
nrc.gov,nrc.gov,,,,,,,,,,,,,,,,,,,,,,,,,,
nrd.gov,nrd.gov,,,,,,,,,,,,,,,,,,,,,,,,,,
nrel.gov,nrel.gov,,,,,,,,,,,,,,,,,,,,,,,,,,
nro.gov,nro.gov,,,,,,,,,,,,,,,,,,,,,,,,,,
nrojr.gov,nrojr.gov,,,,,,,,,,,,,,,,,,,,,,,,,,
nsep.gov,nsep.gov,,,,,,,,,,,,,,,,,,,,,,,,,,
nsf.gov,nsf.gov,,,,,,,,,,,,,,,,,,,,,,,,,,
nsopw.gov,nsopw.gov,,,,,,,,,,,,,,,,,,,,,,,,,,
ntis.gov,ntis.gov,,,,,,,,,,,,,,,,,,,,,,,,,,
ntrc.gov,ntrc.gov,,,,,,,,,,,,,,,,,,,,,,,,,,
ntsb.gov,ntsb.gov,,,,,,,,,,,,,,,,,,,,,,,,,,
nutrition.gov,nutrition.gov,,,,,,,,,,,,,,,,,,,,,,,,,,
nutritionevidencelibrary.gov,nutritionevidencelibrary.gov,,,,,,,,,,,,,,,,,,,,,,,,,,
nwbc.gov,nwbc.gov,,,,,,,,,,,,,,,,,,,,,,,,,,
nwcg.gov,nwcg.gov,,,,,,,,,,,,,,,,,,,,,,,,,,
nwtrb.gov,nwtrb.gov,,,,,,,,,,,,,,,,,,,,,,,,,,
obamalibrary.gov,obamalibrary.gov,,,,,,,,,,,,,,,,,,,,,,,,,,
occ.gov,occ.gov,,,,,,,,,,,,,,,,,,,,,,,,,,
occhelps.gov,occhelps.gov,,,,,,,,,,,,,,,,,,,,,,,,,,
odni.gov,odni.gov,,,,,,,,,,,,,,,,,,,,,,,,,,
oea.gov,oea.gov,,,,,,,,,,,,,,,,,,,,,,,,,,
ofcm.gov,ofcm.gov,,,,,,,,,,,,,,,,,,,,,,,,,,
ofda.gov,ofda.gov,,,,,,,,,,,,,,,,,,,,,,,,,,
ofr.gov,ofr.gov,,,,,,,,,,,,,,,,,,,,,,,,,,
oge.gov,oge.gov,,,,,,,,,,,,,,,,,,,,,,,,,,
ojjdp.gov,ojjdp.gov,,,,,,,,,,,,,,,,,,,,,,,,,,
ojp.gov,ojp.gov,,,,,,,,,,,,,,,,,,,,,,,,,,
onhir.gov,onhir.gov,,,,,,,,,,,,,,,,,,,,,,,,,,
onrr.gov,onrr.gov,,,,,,,,,,,,,,,,,,,,,,,,,,
opensource.gov,opensource.gov,,,,,,,,,,,,,,,,,,,,,,,,,,
openworld.gov,openworld.gov,,,,,,,,,,,,,,,,,,,,,,,,,,
opic.gov,opic.gov,,,,,,,,,,,,,,,,,,,,,,,,,,
opm.gov,opm.gov,,,,,,,,,,,,,,,,,,,,,,,,,,
orau.gov,orau.gov,,,,,,,,,,,,,,,,,,,,,,,,,,
organdonor.gov,organdonor.gov,,,,,,,,,,,,,,,,,,,,,,,,,,
ornl.gov,ornl.gov,,,,,,,,,,,,,,,,,,,,,,,,,,
osac.gov,osac.gov,,,,,,,,,,,,,,,,,,,,,,,,,,
osc.gov,osc.gov,,,,,,,,,,,,,,,,,,,,,,,,,,
osha.gov,osha.gov,,,,,,,,,,,,,,,,,,,,,,,,,,
oshrc.gov,oshrc.gov,,,,,,,,,,,,,,,,,,,,,,,,,,
osmre.gov,osmre.gov,,,,,,,,,,,,,,,,,,,,,,,,,,
osti.gov,osti.gov,,,,,,,,,,,,,,,,,,,,,,,,,,
ots.gov,ots.gov,,,,,,,,,,,,,,,,,,,,,,,,,,
ourdocuments.gov,ourdocuments.gov,,,,,,,,,,,,,,,,,,,,,,,,,,
ovc.gov,ovc.gov,,,,,,,,,,,,,,,,,,,,,,,,,,
ovcttac.gov,ovcttac.gov,,,,,,,,,,,,,,,,,,,,,,,,,,
oversight.gov,oversight.gov,,,,,,,,,,,,,,,,,,,,,,,,,,
pacer.gov,pacer.gov,,,,,,,,,,,,,,,,,,,,,,,,,,
papahanaumokuakea.gov,papahanaumokuakea.gov,,,,,,,,,,,,,,,,,,,,,,,,,,
patriotbonds.gov,patriotbonds.gov,,,,,,,,,,,,,,,,,,,,,,,,,,
pay.gov,pay.gov,,,,,,,,,,,,,,,,,,,,,,,,,,
paymentaccuracy.gov,paymentaccuracy.gov,,,,,,,,,,,,,,,,,,,,,,,,,,
pbgc.gov,pbgc.gov,,,,,,,,,,,,,,,,,,,,,,,,,,
pcah.gov,pcah.gov,,,,,,,,,,,,,,,,,,,,,,,,,,
pclob.gov,pclob.gov,,,,,,,,,,,,,,,,,,,,,,,,,,
peacecorps.gov,peacecorps.gov,,,,,,,,,,,,,,,,,,,,,,,,,,
pepfar.gov,pepfar.gov,,,,,,,,,,,,,,,,,,,,,,,,,,
performance.gov,performance.gov,,,,,,,,,,,,,,,,,,,,,,,,,,
phe.gov,phe.gov,,,,,,,,,,,,,,,,,,,,,,,,,,
pic.gov,pic.gov,,,,,,,,,,,,,,,,,,,,,,,,,,
plainlanguage.gov,plainlanguage.gov,,,,,,,,,,,,,,,,,,,,,,,,,,
pmf.gov,pmf.gov,,,,,,,,,,,,,,,,,,,,,,,,,,
pmi.gov,pmi.gov,,,,,,,,,,,,,,,,,,,,,,,,,,
pnnl.gov,pnnl.gov,,,,,,,,,,,,,,,,,,,,,,,,,,
poolsafely.gov,poolsafely.gov,,,,,,,,,,,,,,,,,,,,,,,,,,
poolsafety.gov,poolsafety.gov,,,,,,,,,,,,,,,,,,,,,,,,,,
ppdcecc.gov,ppdcecc.gov,,,,,,,,,,,,,,,,,,,,,,,,,,
ppirs.gov,ppirs.gov,,,,,,,,,,,,,,,,,,,,,,,,,,
pppl.gov,pppl.gov,,,,,,,,,,,,,,,,,,,,,,,,,,
pracomment.gov,pracomment.gov,,,,,,,,,,,,,,,,,,,,,,,,,,
prc.gov,prc.gov,,,,,,,,,,,,,,,,,,,,,,,,,,
preserveamerica.gov,preserveamerica.gov,,,,,,,,,,,,,,,,,,,,,,,,,,
presidentialinnovationfellows.gov,presidentialinnovationfellows.gov,,,,,,,,,,,,,,,,,,,,,,,,,,
presidentialserviceawards.gov,presidentialserviceawards.gov,,,,,,,,,,,,,,,,,,,,,,,,,,
presidio.gov,presidio.gov,,,,,,,,,,,,,,,,,,,,,,,,,,
pretrialservices.gov,pretrialservices.gov,,,,,,,,,,,,,,,,,,,,,,,,,,
privacyshield.gov,privacyshield.gov,,,,,,,,,,,,,,,,,,,,,,,,,,
psa.gov,psa.gov,,,,,,,,,,,,,,,,,,,,,,,,,,
psc.gov,psc.gov,,,,,,,,,,,,,,,,,,,,,,,,,,
qatesttwai.gov,qatesttwai.gov,,,,,,,,,,,,,,,,,,,,,,,,,,
rcfl.gov,rcfl.gov,,,,,,,,,,,,,,,,,,,,,,,,,,
read.gov,read.gov,,,,,,,,,,,,,,,,,,,,,,,,,,
ready.gov,ready.gov,,,,,,,,,,,,,,,,,,,,,,,,,,
reaganlibrary.gov,reaganlibrary.gov,,,,,,,,,,,,,,,,,,,,,,,,,,
realestatesales.gov,realestatesales.gov,,,,,,,,,,,,,,,,,,,,,,,,,,
realpropertyprofile.gov,realpropertyprofile.gov,,,,,,,,,,,,,,,,,,,,,,,,,,
recalls.gov,recalls.gov,,,,,,,,,,,,,,,,,,,,,,,,,,
recoverymonth.gov,recoverymonth.gov,,,,,,,,,,,,,,,,,,,,,,,,,,
recreation.gov,recreation.gov,,,,,,,,,,,,,,,,,,,,,,,,,,
reginfo.gov,reginfo.gov,,,,,,,,,,,,,,,,,,,,,,,,,,
regulations.gov,regulations.gov,,,,,,,,,,,,,,,,,,,,,,,,,,
relocatefeds.gov,relocatefeds.gov,,,,,,,,,,,,,,,,,,,,,,,,,,
reporting.gov,reporting.gov,,,,,,,,,,,,,,,,,,,,,,,,,,
research.gov,research.gov,,,,,,,,,,,,,,,,,,,,,,,,,,
restorethegulf.gov,restorethegulf.gov,,,,,,,,,,,,,,,,,,,,,,,,,,
rivers.gov,rivers.gov,,,,,,,,,,,,,,,,,,,,,,,,,,
robodeidentidad.gov,robodeidentidad.gov,,,,,,,,,,,,,,,,,,,,,,,,,,
rocis.gov,rocis.gov,,,,,,,,,,,,,,,,,,,,,,,,,,
rrb.gov,rrb.gov,,,,,,,,,,,,,,,,,,,,,,,,,,
sac.gov,sac.gov,,,,,,,,,,,,,,,,,,,,,,,,,,
safecar.gov,safecar.gov,,,,,,,,,,,,,,,,,,,,,,,,,,
safecom.gov,safecom.gov,,,,,,,,,,,,,,,,,,,,,,,,,,
safeocs.gov,safeocs.gov,,,,,,,,,,,,,,,,,,,,,,,,,,
safercar.gov,safercar.gov,,,,,,,,,,,,,,,,,,,,,,,,,,
saferproduct.gov,saferproduct.gov,,,,,,,,,,,,,,,,,,,,,,,,,,
saferproducts.gov,saferproducts.gov,,,,,,,,,,,,,,,,,,,,,,,,,,
safertruck.gov,safertruck.gov,,,,,,,,,,,,,,,,,,,,,,,,,,
safetyact.gov,safetyact.gov,,,,,,,,,,,,,,,,,,,,,,,,,,
salmonrecovery.gov,salmonrecovery.gov,,,,,,,,,,,,,,,,,,,,,,,,,,
sam.gov,sam.gov,,,,,,,,,,,,,,,,,,,,,,,,,,
samhsa.gov,samhsa.gov,,,,,,,,,,,,,,,,,,,,,,,,,,
sandia.gov,sandia.gov,,,,,,,,,,,,,,,,,,,,,,,,,,
savingsbond.gov,savingsbond.gov,,,,,,,,,,,,,,,,,,,,,,,,,,
savingsbonds.gov,savingsbonds.gov,,,,,,,,,,,,,,,,,,,,,,,,,,
savingsbondwizard.gov,savingsbondwizard.gov,,,,,,,,,,,,,,,,,,,,,,,,,,
sba.gov,sba.gov,,,,,,,,,,,,,,,,,,,,,,,,,,
sbir.gov,sbir.gov,,,,,,,,,,,,,,,,,,,,,,,,,,
sbst.gov,sbst.gov,,,,,,,,,,,,,,,,,,,,,,,,,,
scidac.gov,scidac.gov,,,,,,,,,,,,,,,,,,,,,,,,,,
science.gov,science.gov,,,,,,,,,,,,,,,,,,,,,,,,,,
science360.gov,science360.gov,,,,,,,,,,,,,,,,,,,,,,,,,,
sciencebase.gov,sciencebase.gov,,,,,,,,,,,,,,,,,,,,,,,,,,
scijinks.gov,scijinks.gov,,,,,,,,,,,,,,,,,,,,,,,,,,
sdr.gov,sdr.gov,,,,,,,,,,,,,,,,,,,,,,,,,,
search.gov,search.gov,,,,,,,,,,,,,,,,,,,,,,,,,,
sec.gov,sec.gov,,,,,,,,,,,,,,,,,,,,,,,,,,
secretservice.gov,secretservice.gov,,,,,,,,,,,,,,,,,,,,,,,,,,
section108.gov,section108.gov,,,,,,,,,,,,,,,,,,,,,,,,,,
section508.gov,section508.gov,,,,,,,,,,,,,,,,,,,,,,,,,,
segurosocial.gov,segurosocial.gov,,,,,,,,,,,,,,,,,,,,,,,,,,
selectagents.gov,selectagents.gov,,,,,,,,,,,,,,,,,,,,,,,,,,
selectusa.gov,selectusa.gov,,,,,,,,,,,,,,,,,,,,,,,,,,
sen.gov,sen.gov,,,,,,,,,,,,,,,,,,,,,,,,,,
senate.gov,senate.gov,,,,,,,,,,,,,,,,,,,,,,,,,,
sftool.gov,sftool.gov,,,,,,,,,,,,,,,,,,,,,,,,,,
sierrawild.gov,sierrawild.gov,,,,,,,,,,,,,,,,,,,,,,,,,,
sigtarp.gov,sigtarp.gov,,,,,,,,,,,,,,,,,,,,,,,,,,
siteidiq.gov,siteidiq.gov,,,,,,,,,,,,,,,,,,,,,,,,,,
sji.gov,sji.gov,,,,,,,,,,,,,,,,,,,,,,,,,,
slgs.gov,slgs.gov,,,,,,,,,,,,,,,,,,,,,,,,,,
smart.gov,smart.gov,,,,,,,,,,,,,,,,,,,,,,,,,,
smartcheck.gov,smartcheck.gov,,,,,,,,,,,,,,,,,,,,,,,,,,
smarterskies.gov,smarterskies.gov,,,,,,,,,,,,,,,,,,,,,,,,,,
smartgrid.gov,smartgrid.gov,,,,,,,,,,,,,,,,,,,,,,,,,,
smokefree.gov,smokefree.gov,,,,,,,,,,,,,,,,,,,,,,,,,,
snap.gov,snap.gov,,,,,,,,,,,,,,,,,,,,,,,,,,
solardecathlon.gov,solardecathlon.gov,,,,,,,,,,,,,,,,,,,,,,,,,,
speaker.gov,speaker.gov,,,,,,,,,,,,,,,,,,,,,,,,,,
srs.gov,srs.gov,,,,,,,,,,,,,,,,,,,,,,,,,,
ssa.gov,ssa.gov,,,,,,,,,,,,,,,,,,,,,,,,,,
ssab.gov,ssab.gov,,,,,,,,,,,,,,,,,,,,,,,,,,
sss.gov,sss.gov,,,,,,,,,,,,,,,,,,,,,,,,,,
state.gov,state.gov,,,,,,,,,,,,,,,,,,,,,,,,,,
stateoig.gov,stateoig.gov,,,,,,,,,,,,,,,,,,,,,,,,,,
stb.gov,stb.gov,,,,,,,,,,,,,,,,,,,,,,,,,,
stennis.gov,stennis.gov,,,,,,,,,,,,,,,,,,,,,,,,,,
stopalcoholabuse.gov,stopalcoholabuse.gov,,,,,,,,,,,,,,,,,,,,,,,,,,
stopbullying.gov,stopbullying.gov,,,,,,,,,,,,,,,,,,,,,,,,,,
stopfakes.gov,stopfakes.gov,,,,,,,,,,,,,,,,,,,,,,,,,,
stopfraud.gov,stopfraud.gov,,,,,,,,,,,,,,,,,,,,,,,,,,
stopmedicarefraud.gov,stopmedicarefraud.gov,,,,,,,,,,,,,,,,,,,,,,,,,,
studentloans.gov,studentloans.gov,,,,,,,,,,,,,,,,,,,,,,,,,,
supremecourt.gov,supremecourt.gov,,,,,,,,,,,,,,,,,,,,,,,,,,
surgeongeneral.gov,surgeongeneral.gov,,,,,,,,,,,,,,,,,,,,,,,,,,
sustainability.gov,sustainability.gov,,,,,,,,,,,,,,,,,,,,,,,,,,
sustainablecommunities.gov,sustainablecommunities.gov,,,,,,,,,,,,,,,,,,,,,,,,,,
sworm.gov,sworm.gov,,,,,,,,,,,,,,,,,,,,,,,,,,
swpa.gov,swpa.gov,,,,,,,,,,,,,,,,,,,,,,,,,,
symbols.gov,symbols.gov,,,,,,,,,,,,,,,,,,,,,,,,,,
taaps.gov,taaps.gov,,,,,,,,,,,,,,,,,,,,,,,,,,
tax.gov,tax.gov,,,,,,,,,,,,,,,,,,,,,,,,,,
telework.gov,telework.gov,,,,,,,,,,,,,,,,,,,,,,,,,,
thecoolspot.gov,thecoolspot.gov,,,,,,,,,,,,,,,,,,,,,,,,,,
time.gov,time.gov,,,,,,,,,,,,,,,,,,,,,,,,,,
trade.gov,trade.gov,,,,,,,,,,,,,,,,,,,,,,,,,,
trafficsafetymarketing.gov,trafficsafetymarketing.gov,,,,,,,,,,,,,,,,,,,,,,,,,,
transportation.gov,transportation.gov,,,,,,,,,,,,,,,,,,,,,,,,,,
treaslockbox.gov,treaslockbox.gov,,,,,,,,,,,,,,,,,,,,,,,,,,
treasury.gov,treasury.gov,,,,,,,,,,,,,,,,,,,,,,,,,,
treasuryauctions.gov,treasuryauctions.gov,,,,,,,,,,,,,,,,,,,,,,,,,,
treasurydirect.gov,treasurydirect.gov,,,,,,,,,,,,,,,,,,,,,,,,,,
treasuryhunt.gov,treasuryhunt.gov,,,,,,,,,,,,,,,,,,,,,,,,,,
treasuryscams.gov,treasuryscams.gov,,,,,,,,,,,,,,,,,,,,,,,,,,
truman.gov,truman.gov,,,,,,,,,,,,,,,,,,,,,,,,,,
tsa.gov,tsa.gov,,,,,,,,,,,,,,,,,,,,,,,,,,
tsp.gov,tsp.gov,,,,,,,,,,,,,,,,,,,,,,,,,,
tsunami.gov,tsunami.gov,,,,,,,,,,,,,,,,,,,,,,,,,,
tswg.gov,tswg.gov,,,,,,,,,,,,,,,,,,,,,,,,,,
ttb.gov,ttb.gov,,,,,,,,,,,,,,,,,,,,,,,,,,
ttbonline.gov,ttbonline.gov,,,,,,,,,,,,,,,,,,,,,,,,,,
tva.gov,tva.gov,,,,,,,,,,,,,,,,,,,,,,,,,,
ucrdatatool.gov,ucrdatatool.gov,,,,,,,,,,,,,,,,,,,,,,,,,,
udall.gov,udall.gov,,,,,,,,,,,,,,,,,,,,,,,,,,
unicor.gov,unicor.gov,,,,,,,,,,,,,,,,,,,,,,,,,,
unlocktalent.gov,unlocktalent.gov,,,,,,,,,,,,,,,,,,,,,,,,,,
us-cert.gov,us-cert.gov,,,,,,,,,,,,,,,,,,,,,,,,,,
usa.gov,usa.gov,,,,,,,,,,,,,,,,,,,,,,,,,,
usability.gov,usability.gov,,,,,,,,,,,,,,,,,,,,,,,,,,
usadf.gov,usadf.gov,,,,,,,,,,,,,,,,,,,,,,,,,,
usaid.gov,usaid.gov,,,,,,,,,,,,,,,,,,,,,,,,,,
usajobs.gov,usajobs.gov,,,,,,,,,,,,,,,,,,,,,,,,,,
usalearning.gov,usalearning.gov,,,,,,,,,,,,,,,,,,,,,,,,,,
usap.gov,usap.gov,,,,,,,,,,,,,,,,,,,,,,,,,,
usaseanconnect.gov,usaseanconnect.gov,,,,,,,,,,,,,,,,,,,,,,,,,,
usaspending.gov,usaspending.gov,,,,,,,,,,,,,,,,,,,,,,,,,,
usastaffing.gov,usastaffing.gov,,,,,,,,,,,,,,,,,,,,,,,,,,
usbg.gov,usbg.gov,,,,,,,,,,,,,,,,,,,,,,,,,,
usbr.gov,usbr.gov,,,,,,,,,,,,,,,,,,,,,,,,,,
uscc.gov,uscc.gov,,,,,,,,,,,,,,,,,,,,,,,,,,
usccr.gov,usccr.gov,,,,,,,,,,,,,,,,,,,,,,,,,,
uscirf.gov,uscirf.gov,,,,,,,,,,,,,,,,,,,,,,,,,,
uscis.gov,uscis.gov,,,,,,,,,,,,,,,,,,,,,,,,,,
uscourts.gov,uscourts.gov,,,,,,,,,,,,,,,,,,,,,,,,,,
uscp.gov,uscp.gov,,,,,,,,,,,,,,,,,,,,,,,,,,
uscurrency.gov,uscurrency.gov,,,,,,,,,,,,,,,,,,,,,,,,,,
usda.gov,usda.gov,,,,,,,,,,,,,,,,,,,,,,,,,,
usdebitcard.gov,usdebitcard.gov,,,,,,,,,,,,,,,,,,,,,,,,,,
usds.gov,usds.gov,,,,,,,,,,,,,,,,,,,,,,,,,,
usembassy.gov,usembassy.gov,,,,,,,,,,,,,,,,,,,,,,,,,,
usgovernmentmanual.gov,usgovernmentmanual.gov,,,,,,,,,,,,,,,,,,,,,,,,,,
usgs.gov,usgs.gov,,,,,,,,,,,,,,,,,,,,,,,,,,
usich.gov,usich.gov,,,,,,,,,,,,,,,,,,,,,,,,,,
usitc.gov,usitc.gov,,,,,,,,,,,,,,,,,,,,,,,,,,
usmarshals.gov,usmarshals.gov,,,,,,,,,,,,,,,,,,,,,,,,,,
usmint.gov,usmint.gov,,,,,,,,,,,,,,,,,,,,,,,,,,
usphs.gov,usphs.gov,,,,,,,,,,,,,,,,,,,,,,,,,,
uspis.gov,uspis.gov,,,,,,,,,,,,,,,,,,,,,,,,,,
uspsinnovates.gov,uspsinnovates.gov,,,,,,,,,,,,,,,,,,,,,,,,,,
uspsoig.gov,uspsoig.gov,,,,,,,,,,,,,,,,,,,,,,,,,,
uspto.gov,uspto.gov,,,,,,,,,,,,,,,,,,,,,,,,,,
ussc.gov,ussc.gov,,,,,,,,,,,,,,,,,,,,,,,,,,
ussm.gov,ussm.gov,,,,,,,,,,,,,,,,,,,,,,,,,,
ustda.gov,ustda.gov,,,,,,,,,,,,,,,,,,,,,,,,,,
ustr.gov,ustr.gov,,,,,,,,,,,,,,,,,,,,,,,,,,
utahfireinfo.gov,utahfireinfo.gov,,,,,,,,,,,,,,,,,,,,,,,,,,
va.gov,va.gov,,,,,,,,,,,,,,,,,,,,,,,,,,
vaccines.gov,vaccines.gov,,,,,,,,,,,,,,,,,,,,,,,,,,
vcf.gov,vcf.gov,,,,,,,,,,,,,,,,,,,,,,,,,,
vef.gov,vef.gov,,,,,,,,,,,,,,,,,,,,,,,,,,
vehiclehistory.gov,vehiclehistory.gov,,,,,,,,,,,,,,,,,,,,,,,,,,
vetbiz.gov,vetbiz.gov,,,,,,,,,,,,,,,,,,,,,,,,,,
veterans.gov,veterans.gov,,,,,,,,,,,,,,,,,,,,,,,,,,
vets.gov,vets.gov,,,,,,,,,,,,,,,,,,,,,,,,,,
visitthecapitol.gov,visitthecapitol.gov,,,,,,,,,,,,,,,,,,,,,,,,,,
vistacampus.gov,vistacampus.gov,,,,,,,,,,,,,,,,,,,,,,,,,,
volunteer.gov,volunteer.gov,,,,,,,,,,,,,,,,,,,,,,,,,,
vote.gov,vote.gov,,,,,,,,,,,,,,,,,,,,,,,,,,
wapa.gov,wapa.gov,,,,,,,,,,,,,,,,,,,,,,,,,,
watermonitor.gov,watermonitor.gov,,,,,,,,,,,,,,,,,,,,,,,,,,
wdol.gov,wdol.gov,,,,,,,,,,,,,,,,,,,,,,,,,,
weather.gov,weather.gov,,,,,,,,,,,,,,,,,,,,,,,,,,
webharvest.gov,webharvest.gov,,,,,,,,,,,,,,,,,,,,,,,,,,
whistleblower.gov,whistleblower.gov,,,,,,,,,,,,,,,,,,,,,,,,,,
whistleblowers.gov,whistleblowers.gov,,,,,,,,,,,,,,,,,,,,,,,,,,
whitehouse.gov,whitehouse.gov,,,,,,,,,,,,,,,,,,,,,,,,,,
whitehouseconferenceonaging.gov,whitehouseconferenceonaging.gov,,,,,,,,,,,,,,,,,,,,,,,,,,
wildlifeadaptationstrategy.gov,wildlifeadaptationstrategy.gov,,,,,,,,,,,,,,,,,,,,,,,,,,
wizard.gov,wizard.gov,,,,,,,,,,,,,,,,,,,,,,,,,,
wlci.gov,wlci.gov,,,,,,,,,,,,,,,,,,,,,,,,,,
womenshealth.gov,womenshealth.gov,,,,,,,,,,,,,,,,,,,,,,,,,,
womenshistorymonth.gov,womenshistorymonth.gov,,,,,,,,,,,,,,,,,,,,,,,,,,
worker.gov,worker.gov,,,,,,,,,,,,,,,,,,,,,,,,,,
workplace.gov,workplace.gov,,,,,,,,,,,,,,,,,,,,,,,,,,
wrp.gov,wrp.gov,,,,,,,,,,,,,,,,,,,,,,,,,,
youth.gov,youth.gov,,,,,,,,,,,,,,,,,,,,,,,,,,
youthrules.gov,youthrules.gov,,,,,,,,,,,,,,,,,,,,,,,,,,
